StartDate,EndDate,Status,Progress,Duration (in seconds),Finished,RecordedDate,ResponseId,DistributionChannel,UserLanguage,Consent,Age,Eligibility,Uni,Degree,Major,High_school,Psych_HS,Gender,Uni_country,Q54,Nationality,First_gen,critical_cnorm,critical_norm,Prereg_norm,Prereg_cnorm,RegReport_norm,RegReport_cnorm,phack_cnorm,phack_norm,HARK_cnorm,HARK_norm,InfoForRep_norm,InfoForRep_cnorm,Preprint_norm,Preprint_cnorm,OpenMaterials_norm,OpenMaterials_cnorm,OpenData_norm,OpenData_cnorm,OpenAcc_norm,OpenAcc_cnorm,Practices_1,Practices_2,Practices_3,Practices_4,Practices_5,Practices_6,Practices_7,Practices_8,Practices_9,Practices_10,Rep_perc_1,Crisis,Crisis_text,Crisis_disc,Comments
10/02/20 12:12,10/02/20 12:30,0,100,1093,1,10/02/20 12:30,R_2DRIk7D6LuiguFk,anonymous,EN-GB,1,2,1,Massey University,Bachelor of Science,Ecology and Sustainability,1,2,Female,123,,123,2,4,4,5,4,4,2,4,2,2,4,5,2,1,5,3,3,2,4,4,2,0,0,,,,,,,,,75,2,,,
10/02/20 13:34,10/02/20 13:57,0,100,1376,1,10/02/20 13:57,R_1GWy7r1oyhWNQ8k,anonymous,EN-GB,1,2,1,Massey University,Bachelor of Arts,Psychology,1,2,Female,123,,123,2,3,4,4,3,4,4,4,4,3,3,4,4,2,4,3,3,3,3,4,2,20,50,75,75,65,50,20,40,40,25,80,1,when people are having problems trying to replicate the original study,the reliability ,
10/02/20 15:26,10/02/20 15:37,0,100,636,1,10/02/20 15:37,R_3NyR9sK3swbsSo9,anonymous,EN-GB,1,2,1,Massey University,Bachelor of Arts,Psychology,1,2,Female,123,,161,1,2,5,4,4,3,5,2,5,1,4,5,1,2,4,4,2,4,2,4,2,40,30,20,60,75,40,50,40,60,50,65,2,,,
10/02/20 17:33,10/02/20 17:45,0,100,725,1,10/02/20 17:45,R_2VJzFGjP6f6ZLUK,anonymous,EN-GB,1,2,1,Massey ,Bachelor of Arts ,psychology and education,1,2,female,123,,185,2,1,5,5,4,4,1,1,5,1,5,5,3,1,5,5,1,1,5,3,3,80,50,30,10,50,20,80,50,50,50,70,2,,,
10/02/20 17:03,10/02/20 21:20,0,100,15427,1,10/02/20 21:20,R_3QDaM1yyNQBSUXJ,anonymous,EN-GB,1,2,1,Massey University ,Bachelor of Science (Psychology),,1,2,Female,123,,123,1,4,4,4,4,4,3,4,5,4,5,5,4,2,4,4,2,2,4,4,2,86,23,2,51,59,4,5,2,2,10,50,2,,,
10/02/20 23:06,10/02/20 23:08,0,100,85,1,10/02/20 23:08,R_2WIOgcncu9K1N1i,anonymous,EN-GB,1,2,3,,,,,,,,,,,,,,,,,,,,,,,,,,,,,,,,,,,,,,,,,,,,,
12/02/20 16:13,12/02/20 16:31,0,100,1091,1,12/02/20 16:31,R_9Gn1eiPbTVAU8Mh,anonymous,EN-GB,1,2,1,Massy University ,Bachelor of Arts ,Psychology ,1,2,Male ,123,,31,1,4,5,5,2,4,4,2,4,1,5,5,1,1,5,3,3,5,1,4,2,80,50,70,60,75,50,45,55,70,70,45,2,,,
12/02/20 21:17,12/02/20 21:19,0,100,111,1,12/02/20 21:19,R_1N5tEjuc0Hxrzxf,anonymous,EN-GB,1,2,3,,,,,,,,,,,,,,,,,,,,,,,,,,,,,,,,,,,,,,,,,,,,,
12/02/20 21:19,12/02/20 21:20,0,100,47,1,12/02/20 21:20,R_1P7DzPLTh9El5SM,anonymous,EN-GB,1,2,3,,,,,,,,,,,,,,,,,,,,,,,,,,,,,,,,,,,,,,,,,,,,,
16/02/20 16:11,16/02/20 16:23,0,100,685,1,16/02/20 16:23,R_1MYDHqhfCq6ilac,anonymous,EN-GB,1,2,1,Massey University,Bachelor of Arts,Psychology,1,1,Female,123,,123,2,1,5,4,3,4,2,1,5,1,3,5,1,2,4,4,2,3,3,4,3,54,91,50,19,83,30,63,25,60,62,60,1,Researchers are not able to exactly replicate the original study ,,
10/02/20 8:35,10/02/20 8:38,0,98,226,0,17/02/20 8:39,R_3ff4OQ6KEZ5uMHE,anonymous,EN-GB,1,4,1,,,,1,2,,,,,,,,,,,,,,,,,,,,,,,,,,,,,,,,,,,,,,,,
10/02/20 12:07,10/02/20 12:08,0,10,27,0,17/02/20 12:09,R_279ji4mkbmQCYso,anonymous,EN-GB,1,2,1,,,,,,,,,,,,,,,,,,,,,,,,,,,,,,,,,,,,,,,,,,,,,
10/02/20 12:06,10/02/20 12:09,0,33,170,0,17/02/20 12:09,R_3pncLxfm7kqEN7B,anonymous,EN-GB,1,2,1,"University of Auckland, Massey university",Bachelor of business ,Marketing,1,2,Male,123,,36,1,,,,,,,,,,,,,,,,,,,,,,,,,,,,,,,,,,,
10/02/20 12:00,10/02/20 12:09,0,88,516,0,17/02/20 12:09,R_eb2Bl13wIFvNuMh,anonymous,EN-GB,1,2,1,Massey,Bachelor of science ,Psychology ,1,2,Female ,123,,123,2,2,4,5,3,4,3,2,5,1,4,5,1,2,4,4,1,3,3,5,2,51,75,80,50,60,,,,,,,,,,
10/02/20 12:38,10/02/20 12:43,0,85,295,0,17/02/20 12:43,R_3EMF7dPcVBxfATh,anonymous,EN-GB,1,2,1,Massey University ,Bachelor of Science ,Psychology ,1,2,Female ,123,,123,1,1,5,1,4,1,5,2,5,1,4,5,1,1,5,3,4,1,4,3,4,,,,,,,,,,,,,,,
10/02/20 12:47,10/02/20 12:57,0,85,558,0,17/02/20 12:58,R_W9vOB2ex309MsrD,anonymous,EN-GB,1,2,1,Massey University,Bachelor of Arts,Psychology,1,2,Male,123,,123,1,3,5,5,1,4,2,2,5,1,5,5,1,3,4,5,1,1,1,4,3,,,,,,,,,,,,,,,
10/02/20 13:02,10/02/20 13:03,0,33,77,0,17/02/20 13:03,R_29biotlGiSCANVB,anonymous,EN-GB,1,2,1,Massey,Bachelor of Arts ,Psychology ,1,1,Female,123,,123,2,,,,,,,,,,,,,,,,,,,,,,,,,,,,,,,,,,,
10/02/20 13:56,10/02/20 13:57,0,33,93,0,17/02/20 13:58,R_29ii5ReBzQngVsx,anonymous,EN-GB,1,2,1,Massey,Bachelor of Business,Marketing,1,2,Male,123,,123,2,,,,,,,,,,,,,,,,,,,,,,,,,,,,,,,,,,,
10/02/20 14:54,10/02/20 15:10,0,33,966,0,17/02/20 15:11,R_3QKV8gA0n82szh5,anonymous,EN-GB,1,3,1,Massey University,Bachelor of Art,Psychology,1,2,Female,123,,140,2,,,,,,,,,,,,,,,,,,,,,,,,,,,,,,,,,,,
18/02/20 9:12,18/02/20 9:26,0,100,842,1,18/02/20 9:26,R_2QsTNGJha7fspyx,anonymous,EN-GB,1,2,1,Massey Albany,Bachelor of science ,Chemestry,1,2,Male,123,,9,1,2,4,3,2,4,2,1,4,1,4,5,1,1,5,4,2,3,2,4,2,10,30,70,62,30,70,20,10,31,30,50,2,,,
18/02/20 14:09,18/02/20 14:19,0,100,606,1,18/02/20 14:19,R_3erYnSFWS2sfdhv,anonymous,EN-GB,1,2,1,University of Queensland,Bachelor of Biomedical Science,,1,2,Female,9,,9,1,2,5,3,4,5,4,4,2,1,3,5,1,1,5,3,4,2,5,4,3,30,55,95,75,90,55,80,10,40,40,18,2,,,
18/02/20 14:48,18/02/20 14:59,0,100,661,1,18/02/20 14:59,R_11dvTMUCgk1MAu5,anonymous,EN-GB,1,2,1,University of Queensland,Bachelor of Biomedical Science,,1,2,Male,9,,9,1,1,5,5,2,5,3,1,5,1,5,5,1,1,5,4,2,3,2,5,1,70,90,30,30,60,20,60,30,60,25,40,1,"Lack of ability to replicate data published in scientific journals, and thus invalidating many claims made by researchers.",Psychology and medical science.,
18/02/20 14:59,18/02/20 15:08,0,100,545,1,18/02/20 15:08,R_yE1nwNVh3Z1GiEp,anonymous,EN-GB,1,2,1,University of Queensland,Bachelor of Arts,Sociology & Psychology,1,2,Male,9,,156,1,2,4,2,3,4,3,3,5,1,4,4,4,2,2,4,4,1,5,4,3,70,65,50,70,30,30,40,5,5,40,70,2,,,
18/02/20 14:54,18/02/20 15:16,0,100,1340,1,18/02/20 15:16,R_1hRLvPBbf5nSvOG,anonymous,EN-GB,1,4,1,University of Queensland ,Bachelor of Psychological Science ,,1,2,Female ,9,,36,1,2,4,4,5,1,4,5,1,1,4,5,1,1,5,2,2,4,2,2,2,28,89,50,13,50,0,22,11,23,50,93,2,,,
18/02/20 16:56,18/02/20 16:57,0,100,63,1,18/02/20 16:57,R_1dbGcWGKDbqCCX5,anonymous,EN-GB,1,1,,,,,,,,,,,,,,,,,,,,,,,,,,,,,,,,,,,,,,,,,,,,,,
18/02/20 18:25,18/02/20 18:35,0,100,586,1,18/02/20 18:35,R_XOf1AN0CPlLqSOZ,anonymous,EN-GB,1,2,1,University of Queensland,Bachelor of Psychological Science (Honours),,1,2,Male,9,,168,1,1,4,5,2,3,4,2,5,1,5,5,1,3,5,5,1,4,5,4,3,39,40,79,20,95,35,80,81,38,30,82,2,,,
18/02/20 18:21,18/02/20 18:40,0,100,1134,1,18/02/20 18:40,R_1FEalvM5UUwWdqA,anonymous,EN-GB,1,2,1,The University of Queensland,Bachelor of Arts,,1,2,Female,9,,104,1,2,5,4,3,4,2,3,4,3,3,4,4,2,4,4,2,1,5,3,3,17,82,50,41,34,20,38,0,5,33,69,2,,,
18/02/20 18:33,18/02/20 18:58,0,100,1522,1,18/02/20 18:58,R_vDDoN4XI7KKsxot,anonymous,EN-GB,1,3,1,University of Queensland ,Bachelor of Psychological Science (honours),,1,2,Female,9,,9,2,1,5,4,1,1,5,2,5,1,3,5,1,1,5,3,2,3,3,4,2,75,5,50,25,75,10,50,50,50,35,60,2,,,
18/02/20 19:05,18/02/20 19:53,0,100,2894,1,18/02/20 19:53,R_2Ec6WuCcKM3oCd9,anonymous,EN-GB,1,2,1,the university of Queensland,Bachelor of Arts,Psychology,1,2,female,9,,9,1,5,5,5,5,3,4,5,4,1,4,5,5,1,5,5,1,2,4,5,2,61,61,96,88,97,33,25,22,88,45,51,1,,,
18/02/20 19:47,18/02/20 19:56,0,100,551,1,18/02/20 19:56,R_pFQM1gjsHHUw5z3,anonymous,EN-GB,1,2,1,University of Queensland,Bachelor of Psychological Science (Honours),,1,2,Female,9,,9,1,1,5,4,2,1,5,2,4,1,5,5,1,2,5,4,2,4,2,5,2,71,18,50,41,62,39,10,21,61,50,30,2,,,
18/02/20 19:40,18/02/20 20:11,0,100,1912,1,18/02/20 20:11,R_1LCjqptOgVqPVCH,anonymous,EN-GB,1,2,1,University of Queensland,Bachelor of social work,,1,2,male,9,,75,1,3,4,4,2,5,3,2,5,3,3,2,2,1,4,2,4,2,5,3,3,60,60,30,45,65,20,0,0,30,0,90,2,,,
18/02/20 20:08,18/02/20 20:25,0,100,989,1,18/02/20 20:25,R_3CUVTlqDTqXURh7,anonymous,EN-GB,1,2,1,University of Queensland ,Bachelor of Arts/Bachelor of Education (secondary),Psychology and English ,1,2,Female,9,,9,1,2,4,5,1,4,4,5,4,4,4,5,2,1,5,2,4,2,5,4,4,20,80,90,10,15,20,30,70,30,10,40,2,,,
18/02/20 20:00,18/02/20 20:25,0,100,1526,1,18/02/20 20:25,R_1BXESfW67SiTMzK,anonymous,EN-GB,1,2,1,The University of Queensland,Bachelor of Physiotherapy,,1,2,Female,9,,36,,2,5,4,4,5,2,2,4,4,3,4,3,2,4,1,5,2,4,2,4,49,90,81,30,25,5,5,6,7,7,39,2,,,
18/02/20 20:45,18/02/20 21:03,0,100,1064,1,18/02/20 21:03,R_udAXw3Su5ajCI37,anonymous,EN-GB,1,2,1,University of Queensland,Bachelor of Psychological Science ,,1,2,Female,9,,9,1,2,5,4,2,2,4,2,5,1,5,5,1,1,5,4,2,5,2,4,3,27,54,32,11,22,67,43,25,68,28,55,2,,,
18/02/20 21:11,18/02/20 21:22,0,100,663,1,18/02/20 21:22,R_2DSndFktAp2eH9M,anonymous,EN-GB,1,5,1,The University of Queensland,Bachelor of Social Work (Honours),,1,2,Female,9,,9,2,2,1,3,2,2,2,2,4,1,4,3,1,1,4,3,3,3,3,4,4,1,2,71,50,10,10,0,0,0,50,51,2,,,"I don't know anything about these studies, I would have liked a 'do not know button, particularly in the second section. :)"
18/02/20 21:55,18/02/20 22:03,0,100,477,1,18/02/20 22:03,R_ekRw95HcZ0IIOVX,anonymous,EN-GB,1,4,1,The University of Queensland,Bachelor of Criminology and Criminal Justice (Honours),Criminology and Criminal Justice,1,2,Female,9,,31,1,3,5,5,1,1,5,1,5,1,5,5,1,1,5,5,1,1,5,5,1,100,0,0,0,100,0,0,0,100,100,81,2,,,
18/02/20 22:28,18/02/20 22:29,0,100,65,1,18/02/20 22:29,R_0IMXWkQBXq8JSal,anonymous,EN-GB,1,2,3,,,,,,,,,,,,,,,,,,,,,,,,,,,,,,,,,,,,,,,,,,,,,
18/02/20 22:21,18/02/20 22:48,0,100,1615,1,18/02/20 22:48,R_3iOPYMXFul58lnL,anonymous,EN-GB,1,2,1,UQ,Bachelor of Health Science,Nutrition,1,2,F,9,,9,1,1,5,5,5,5,4,2,5,4,5,4,1,1,5,2,3,1,1,4,1,48,77,92,20,58,32,44,8,48,66,75,2,,,
18/02/20 23:04,18/02/20 23:38,0,100,2062,1,18/02/20 23:38,R_1o7kUO3W0O57WBi,anonymous,EN-GB,1,2,1,University of Queensland,Bachelor of Psychology (Honours),,1,2,Male,9,,9,1,4,1,5,2,5,5,4,4,1,5,4,2,2,4,5,3,1,5,5,2,83,91,25,18,88,80,81,94,11,84,95,2,,,
19/02/20 0:31,19/02/20 1:11,0,100,2440,1,19/02/20 1:11,R_2e5rJQM6U9K8MQW,anonymous,EN-GB,1,2,1,University of Queensland,Bachelor of Arts,Sport Studies,1,2,Female,9,,9,1,2,5,4,1,5,2,2,5,1,5,5,2,3,3,1,5,1,5,4,4,79,87,20,33,60,46,52,3,27,66,80,2,,,
19/02/20 1:22,19/02/20 1:44,0,100,1319,1,19/02/20 1:44,R_AMuPi5I8WaLgsX7,anonymous,EN-GB,1,2,1,university of Queensland,Bachelor of Arts,criminology and psychology,1,2,female,9,,161,1,2,5,2,5,4,5,5,5,5,5,5,3,2,5,5,2,2,2,5,2,10,0,75,97,100,60,81,90,70,100,66,2,,,no
19/02/20 11:01,19/02/20 11:11,0,100,623,1,19/02/20 11:11,R_3pbZHyH4hSacSER,anonymous,EN-GB,1,5,1,UQ - University of Queensland,Bachelor of Psychological Sciences (Hons),,1,2,Female,9,,9,2,2,5,5,2,4,2,5,4,2,5,5,1,2,5,3,2,2,4,3,4,60,60,88,42,70,24,24,7,81,11,71,2,,,
19/02/20 11:43,19/02/20 11:59,0,100,938,1,19/02/20 11:59,R_2chLo9sd7aI7gBH,anonymous,EN-GB,1,2,1,The University of Queensland,Bachelor of Occupational therapy,,1,2,Male,9,,9,1,2,4,2,2,4,2,2,4,2,2,4,2,2,4,2,4,2,4,4,2,9,24,74,11,18,7,2,2,32,65,50,1,A research study cannot be replicated even when the same procedures are followed,Psychology,
19/02/20 14:45,19/02/20 15:12,0,100,1616,1,19/02/20 15:12,R_1qghnSTlM8Ty2M6,anonymous,EN-GB,1,4,1,The University of Queensland,Bachelor of Social Work (Honours),,1,2,Female,9,,9,2,3,4,5,4,2,5,2,4,1,5,5,1,1,5,4,2,1,5,4,4,50,20,20,5,80,1,70,0,0,20,70,2,,,
19/02/20 14:45,19/02/20 15:20,0,100,2139,1,19/02/20 15:20,R_1hYDfRgJy5vEGou,anonymous,EN-GB,1,2,1,The University of Queensland,Bachelor of Health Sciences,nutrition,1,2,female,9,,36,1,3,4,5,3,4,4,4,5,4,3,4,2,2,4,4,2,4,2,3,2,81,82,63,42,42,21,64,55,55,64,82,2,,,no
19/02/20 15:39,19/02/20 16:03,0,100,1466,1,19/02/20 16:03,R_9ABHmLdmaJOlLyx,anonymous,EN-GB,1,3,1,UQ,Bachelor of Arts,Psychology,1,2,Female,9,,187,1,2,4,4,3,4,3,1,5,1,3,5,1,2,4,4,2,3,3,5,2,33,41,53,73,28,36,49,49,50,31,20,1,Where previously trusted studies have been replicated the results were not able to be replicated. ,Psychology & Sociology ,
19/02/20 16:54,19/02/20 17:04,0,100,564,1,19/02/20 17:04,R_296Bdr1El3sYRWM,anonymous,EN-GB,1,3,1,University of Queensland ,Bachelor of Arts ,Psychology ,1,1,F,9,,79,2,5,4,5,4,3,3,4,4,4,5,4,5,4,3,4,2,1,2,3,2,74,60,77,62,66,55,73,73,73,67,70,1,The difficulty of replicate ,Psychology ,
19/02/20 18:33,19/02/20 18:47,0,100,801,1,19/02/20 18:47,R_SNwvbmhbPLAT8Pf,anonymous,EN-GB,1,2,1,The University of Queensland,Bachelor of physiotherapy (honour),,1,2,Male,9,,36,2,1,5,5,1,4,3,2,3,1,5,5,1,3,3,5,2,3,3,2,3,60,31,72,66,52,40,50,27,27,35,30,2,,,
19/02/20 19:42,19/02/20 19:53,0,100,650,1,19/02/20 19:53,R_11ilTaeR7912xii,anonymous,EN-GB,1,2,1,The University of Queensland,Bachelor of Arts,English & Writing,1,2,Male,9,,9,1,4,4,4,3,4,2,4,2,1,2,4,1,1,4,2,2,2,4,3,3,49,40,75,20,50,25,25,18,80,35,75,2,,,
19/02/20 20:29,19/02/20 20:41,0,100,694,1,19/02/20 20:41,R_2uDTsVXbeWUlzRE,anonymous,EN-GB,1,2,1,University of Queensland,Bachelor of psychological Science (Honours) ,,1,2,Female,9,,9,1,2,4,4,2,4,3,1,4,1,3,4,1,2,4,4,2,3,2,3,3,60,85,15,5,60,15,25,45,65,50,60,2,,,
19/02/20 21:47,19/02/20 22:19,0,100,1910,1,19/02/20 22:19,R_eeND9qY4rugLr69,anonymous,EN-GB,1,2,1,The University of Queensland,Bachelor of Psychological Science,,2,2,Female,9,,9,2,2,4,4,3,3,3,2,4,1,3,3,1,3,3,4,2,4,2,3,3,20,55,10,0,10,80,42,30,50,18,50,2,,,
19/02/20 23:26,19/02/20 23:40,0,100,848,1,19/02/20 23:40,R_cO6g1Zg1eip0weZ,anonymous,EN-GB,1,2,1,University of Queensland,Bachelor of Psychological Science,,1,2,Female,9,,9,2,4,3,1,3,1,4,1,5,1,5,5,1,1,5,3,4,1,5,4,3,71,4,2,2,86,3,47,2,26,61,71,2,,,
20/02/20 0:07,20/02/20 0:08,0,100,14,1,20/02/20 0:08,R_2qjWOrHWsH8RlyP,anonymous,EN-GB,1,1,,,,,,,,,,,,,,,,,,,,,,,,,,,,,,,,,,,,,,,,,,,,,,
20/02/20 0:08,20/02/20 0:18,0,100,603,1,20/02/20 0:18,R_3feBDwzVqFxaAJB,anonymous,EN-GB,1,2,1,university of QLD,Bachelor of occupational therapy honours,n/a,1,2,female,9,,9,1,2,5,5,3,2,5,5,5,3,3,1,4,1,5,2,4,3,5,4,1,44,70,56,80,40,54,40,26,40,50,51,2,,,
20/02/20 0:36,20/02/20 0:39,0,100,201,1,20/02/20 0:39,R_2E6uKnP0PCWLMsM,anonymous,EN-GB,1,2,2,,,,,,,,,,,,,,,,,,,,,,,,,,,,,,,,,,,,,,,,,,,,,
20/02/20 0:37,20/02/20 0:39,0,100,151,1,20/02/20 0:39,R_29jnItUNlKQxsTE,anonymous,EN-GB,1,2,2,,,,,,,,,,,,,,,,,,,,,,,,,,,,,,,,,,,,,,,,,,,,,
13/02/20 10:37,13/02/20 10:53,0,33,985,0,20/02/20 10:54,R_Z1qOMXlyPKV0CSR,anonymous,EN-GB,1,2,1,Massey University,Diploma Of Arts,,2,2,Female,123,,123,1,,,,,,,,,,,,,,,,,,,,,,,,,,,,,,,,,,,
20/02/20 14:54,20/02/20 15:10,0,100,966,1,20/02/20 15:10,R_2ZCwr8ge2365mYk,anonymous,EN-GB,1,5,1,University of Queensland,Bachelor of Criminology & Criminal Justice,criminology,1,2,Female,9,,9,2,4,5,5,4,4,2,2,5,4,4,5,1,2,5,4,2,2,4,4,2,29,15,44,15,64,44,94,0,0,34,40,2,,,
20/02/20 16:49,20/02/20 16:54,0,100,323,1,20/02/20 16:55,R_3noWDgGoCU8zxQ6,anonymous,EN-GB,1,3,1,U1,Bachelor of science,,1,2,Female,9,,9,1,4,4,3,2,5,5,5,4,3,5,5,4,4,,,5,5,5,,4,83,100,74,79,66,87,89,84,48,90,100,2,,,hopefully helpful
20/02/20 19:11,20/02/20 19:11,0,100,47,1,20/02/20 19:11,R_1LhbXpnEYXOES2t,anonymous,EN-GB,1,2,3,,,,,,,,,,,,,,,,,,,,,,,,,,,,,,,,,,,,,,,,,,,,,
20/02/20 15:26,20/02/20 20:41,0,100,18898,1,20/02/20 20:41,R_2bHSl1DnFjB7Hfa,anonymous,EN-GB,1,2,1,University of Queensland ,Bachelor of Science ,Marine Biology,1,2,female,9,,164,1,4,2,2,2,2,5,1,5,1,5,5,5,1,5,4,2,5,2,5,2,1,0,0,80,72,58,54,99,38,100,60,2,,,
20/02/20 21:08,20/02/20 21:09,0,100,59,1,20/02/20 21:09,R_2EFX9aWVwEArUQB,anonymous,EN-GB,1,2,3,,,,,,,,,,,,,,,,,,,,,,,,,,,,,,,,,,,,,,,,,,,,,
20/02/20 21:29,20/02/20 21:36,0,100,419,1,20/02/20 21:36,R_dgIwj6dq16EbkD7,anonymous,EN-GB,1,2,1,University of Queensland,Bachelor of Occupational Therapy,Occupation Therapy,1,2,Female,9,,156,1,2,5,4,4,4,4,2,4,1,4,5,1,1,5,4,5,3,4,4,4,80,75,50,60,51,51,70,80,70,67,63,1,Duplication of work,Psychology,
21/02/20 2:45,21/02/20 2:51,0,100,390,1,21/02/20 2:51,R_3qCkzqeln8UwxBy,anonymous,EN-GB,1,2,1,University of Queensland,Bachelor of Physiotherapy (Honours),Physiotherapy,1,2,Female,75,,75,2,4,4,5,5,3,4,2,2,4,4,2,3,4,3,2,4,1,5,3,3,61,67,34,0,0,5,21,11,1,27,23,2,,,no
21/02/20 3:04,21/02/20 3:05,0,100,74,1,21/02/20 3:05,R_1pGbMeKnBPCcm0V,anonymous,EN-GB,1,2,2,,,,,,,,,,,,,,,,,,,,,,,,,,,,,,,,,,,,,,,,,,,,,
21/02/20 3:10,21/02/20 3:17,0,100,392,1,21/02/20 3:17,R_33qKyfyDmCE9Esh,anonymous,EN-GB,1,2,1,University of Queensland,Bachelor of Physiotherapy,,1,2,Female,9,,192,1,4,5,5,5,5,2,2,4,4,4,4,1,1,5,4,5,2,2,5,1,40,80,68,28,26,15,68,88,77,69,56,2,,,
21/02/20 3:49,21/02/20 4:10,0,100,1289,1,21/02/20 4:10,R_20MAQUHdMntomTY,anonymous,EN-GB,1,2,1,The University of Queensland,Bachelor of Psychological Science,Psycholohy,1,2,Female,9,,36,1,4,5,4,2,5,4,2,2,1,5,2,2,2,3,4,2,1,5,3,2,0,6,35,49,29,59,39,0,81,10,30,1,Challenges brought by failures in replicating same experiment.,To describe the true situation in a experiment.,No.
21/02/20 11:49,21/02/20 12:00,0,100,619,1,21/02/20 12:00,R_10rDn7noSvCCXJS,anonymous,EN-GB,1,5,1,UQ,Bachelor of Speech Pathology (Hons),Speech Pathology,1,2,female,9,,9,1,1,5,3,1,1,5,1,5,1,5,5,1,1,5,5,1,5,1,4,2,,,,,,,,,,,60,1,Inability to repeat published research,social sciences,Apologies for omitted the middle question - I had no feel for reasonable responses or even guesses.
21/02/20 11:28,21/02/20 12:01,0,100,1921,1,21/02/20 12:01,R_aidbY7o3ZbugNkl,anonymous,EN-GB,1,2,1,University of Queensland,Bachelor of Psychological Science,,1,2,Female,9,,9,1,2,5,4,1,1,5,1,5,1,5,5,1,1,5,5,1,5,1,5,1,80,82,30,20,70,15,50,21,86,40,90,2,,,
14/02/20 13:42,14/02/20 13:53,0,33,627,0,21/02/20 13:53,R_1He3KSZk9pwtHIa,anonymous,EN-GB,1,2,1,Massey University,Bachelor of arts,psychology  ,1,2,female,123,,161,2,,,,,,,,,,,,,,,,,,,,,,,,,,,,,,,,,,,
21/02/20 17:51,21/02/20 18:02,0,100,669,1,21/02/20 18:02,R_29b2gSuu5zX7Nx8,anonymous,EN-GB,1,2,1,The University of Queensland,Bachelor of Occupational Therapy,,1,2,Female,9,,9,2,4,4,4,4,3,3,4,5,2,4,5,1,2,4,5,2,3,4,3,4,61,72,49,27,91,33,80,47,56,32,71,2,,,
22/02/20 2:22,22/02/20 2:30,0,100,478,1,22/02/20 2:30,R_2xEnZgexbWiFC0C,anonymous,EN-GB,1,2,1,University of Queensland,Bachelor of Occupational Therapy,,1,2,Female,9,,156,1,1,4,4,2,4,4,2,4,1,2,4,4,2,4,3,4,1,5,3,4,55,80,73,91,47,11,12,0,50,5,61,2,,,
22/02/20 7:46,22/02/20 7:56,0,100,609,1,22/02/20 7:56,R_3Jm9X59swDSl6d4,anonymous,EN-GB,1,2,1,university of Queensland,Bachelor of Arts,Psychology,1,2,female,9,,36,,2,2,4,5,5,2,3,2,4,2,3,2,3,3,3,3,2,3,2,2,50,75,36,44,50,2,30,44,47,24,100,2,,,
22/02/20 14:52,22/02/20 15:05,0,100,743,1,22/02/20 15:05,R_2tLo716KqBhTgE3,anonymous,EN-GB,1,3,1,University of Queensland Saint Lucia,Bachelor of social sciences,,1,1,Female,9,,9,1,1,5,5,3,3,4,1,5,1,3,5,1,2,4,5,1,3,3,5,2,80,50,30,20,80,30,50,15,70,20,60,2,,,
22/02/20 15:42,22/02/20 15:42,0,100,20,1,22/02/20 15:42,R_1meCZEC8l5Xaybq,anonymous,EN-GB,1,1,,,,,,,,,,,,,,,,,,,,,,,,,,,,,,,,,,,,,,,,,,,,,,
22/02/20 16:44,22/02/20 16:53,0,100,586,1,22/02/20 16:53,R_3mdAwQhHsYb7xpF,anonymous,EN-GB,1,5,1,University of Queensland,Bachelor of Psychological Science,,1,2,Female,9,,9,2,3,4,5,5,5,5,1,5,1,1,5,1,1,5,3,3,3,3,4,3,10,10,50,50,49,20,50,50,50,50,50,2,,,
22/02/20 16:28,22/02/20 17:48,0,100,4855,1,22/02/20 17:48,R_23ZUU7HflmzCCRE,anonymous,EN-GB,1,2,1,University of Queensland,Bachelor of Arts / Bachelor of Business management ,"Psychology, Political science, Human resources",1,2,Male,9,,9,1,4,4,5,2,2,4,2,4,1,4,4,1,2,4,4,2,4,2,4,5,60,20,1,15,95,15,30,30,65,30,85,2,,,
22/02/20 18:45,22/02/20 18:46,0,100,49,1,22/02/20 18:46,R_1KmaLvMfeGUAp6G,anonymous,EN-GB,1,2,4,,,,,,,,,,,,,,,,,,,,,,,,,,,,,,,,,,,,,,,,,,,,,
22/02/20 19:04,22/02/20 19:14,0,100,604,1,22/02/20 19:14,R_3MEbhB7qSlfKotq,anonymous,EN-GB,1,2,1,UQ,Bachelor of Occupational Therapy ,,1,2,Female,9,,9,2,4,5,5,2,5,1,5,4,1,5,5,1,1,5,2,4,3,4,4,2,71,60,81,30,70,30,90,50,50,41,70,2,,,
22/02/20 22:58,22/02/20 23:09,0,100,683,1,22/02/20 23:09,R_1LkxwiSLVqWEpvP,anonymous,EN-GB,1,2,1,The University of Queensland,Bachelor of Psychological Science,,1,2,Female,9,,9,1,4,5,5,2,4,4,4,2,1,5,4,2,1,5,2,4,2,4,4,5,30,20,40,60,30,15,60,60,40,75,85,2,,,
23/02/20 14:03,23/02/20 14:16,0,100,724,1,23/02/20 14:16,R_27NJSv6ExTIUgYA,anonymous,EN-GB,1,2,1,The University of Queensland,Bachelor of Science,Plant Science,1,2,Female,9,,9,1,2,5,5,1,3,4,2,4,1,4,5,2,3,3,4,2,4,2,4,3,50,20,80,55,25,45,15,15,50,30,55,1,when studies are not able to be replicated from a paper because of poorly described experiments,medical or disciplines including people as participants,Well put together! Thanks
23/02/20 14:19,23/02/20 14:31,0,100,681,1,23/02/20 14:31,R_2WASEDsHb4HtE4b,anonymous,EN-GB,1,3,1,University of Queensland,Bachelor of Psychological Science (Honours),,1,2,Male,9,,9,1,4,5,4,2,4,5,1,5,2,3,5,1,2,4,4,2,3,3,5,4,30,30,50,80,90,50,50,20,80,70,95,2,,,
23/02/20 14:39,23/02/20 15:02,0,100,1399,1,23/02/20 15:02,R_ZdW0Tzj45X56ARb,anonymous,EN-GB,1,2,1,UQ,Bachelor of Psychological Sciences (Hons),,1,2,Male,9,,9,1,4,5,5,3,5,2,1,5,2,2,5,1,1,5,4,3,2,5,4,3,60,95,66,75,75,30,50,30,75,50,60,2,,,
23/02/20 14:47,23/02/20 15:07,0,100,1225,1,23/02/20 15:07,R_1ENDe9v4KG0Kz4t,anonymous,EN-GB,1,5,1,University of Queensland,Bachelor of Arts,Psychology,1,2,Female,9,,9,2,2,4,4,1,1,5,1,5,1,5,5,1,1,5,1,2,2,2,5,3,25,25,11,12,30,75,33,50,85,68,25,2,,,
23/02/20 16:14,23/02/20 16:15,0,100,64,1,23/02/20 16:15,R_AM4ijKrV8FZrNm1,anonymous,EN-GB,1,2,3,,,,,,,,,,,,,,,,,,,,,,,,,,,,,,,,,,,,,,,,,,,,,
23/02/20 16:31,23/02/20 17:00,0,100,1748,1,23/02/20 17:00,R_5huUABgzzgIy6e5,anonymous,EN-GB,1,4,1,University of Queensland,Bachelor of Psychological Sciences (Honours),,1,2,Male,9,,9,2,2,4,1,3,1,5,1,5,1,5,5,1,1,4,1,5,1,5,4,3,5,5,5,1,95,5,5,1,10,10,50,1,The fact that scientific studies are difficult or impossible to replicate or reproduce.,Social sciences (especially psychology) and medicine,
23/02/20 21:05,23/02/20 21:38,0,100,1979,1,23/02/20 21:38,R_1oIsaeF05voOypA,anonymous,EN-GB,1,2,1,University of Queensland,Bachelor of Psychological Science (Honours) ,,1,2,Female,9,,9,2,4,5,4,4,3,5,5,4,2,4,5,1,2,4,2,5,3,3,5,3,29,68,93,4,65,22,31,38,21,63,41,2,,,
23/02/20 22:02,23/02/20 22:02,0,100,30,1,23/02/20 22:02,R_2nT32TmrIwmNpjr,anonymous,EN-GB,1,1,,,,,,,,,,,,,,,,,,,,,,,,,,,,,,,,,,,,,,,,,,,,,,
23/02/20 21:24,23/02/20 22:19,0,100,3293,1,23/02/20 22:19,R_9no9VYrkoDv8WnD,anonymous,EN-GB,1,4,1,University of Queensland ,Bachelor of Psychological Science,,1,2,Female,9,,9,2,2,4,2,2,4,2,3,4,2,2,4,4,2,4,2,4,2,4,4,4,,100,20,,,,,,20,70,90,2,,,
23/02/20 22:53,23/02/20 23:05,0,100,722,1,23/02/20 23:05,R_0iXWTYqW40drY2d,anonymous,EN-GB,1,2,1,The University of Queensland ,Bachelor of Physiotherapy ,,1,2,male,9,,9,2,2,5,5,1,5,2,1,5,1,5,5,1,2,4,4,2,2,4,4,2,60,40,80,10,60,10,40,30,80,70,80,2,,,
22/02/20 23:27,23/02/20 23:18,0,100,85811,1,23/02/20 23:18,R_2dWNdrmPcXqTlVp,anonymous,EN-GB,1,2,1,University of Queensland,Psychological Science (Honours),,1,2,Female,9,,9,1,4,2,4,4,3,3,1,5,1,4,5,1,1,5,4,2,4,2,4,2,40,60,10,40,70,15,50,61,80,50,40,2,,,
24/02/20 1:49,24/02/20 1:57,0,100,501,1,24/02/20 1:57,R_3dWdof8Bt8p3Err,anonymous,EN-GB,1,2,1,UQ,Bachelor of Arts,Psychology,1,2,Female,9,,9,1,2,4,4,3,4,2,4,4,1,4,5,1,2,5,4,2,3,3,4,3,30,64,48,39,90,14,73,27,61,52,60,2,,,
24/02/20 1:49,24/02/20 2:01,0,100,750,1,24/02/20 2:01,R_2EnQp5Yjud7pkY0,anonymous,EN-GB,1,2,1,The University of Queensland,Bachelor of Arts,Psychology (Extended Major),1,2,Female,9,,9,1,2,5,4,4,4,3,2,5,2,4,5,1,1,5,5,1,3,4,4,2,20,48,37,26,79,9,74,22,74,50,50,2,,,
24/02/20 2:04,24/02/20 2:14,0,100,637,1,24/02/20 2:14,R_3DjXnooIoXBY4kX,anonymous,EN-GB,1,2,1,The University of Queensland,Bachelor of Psychological Science (Honours),Neuropsychology,1,2,Female,9,,9,1,2,4,5,3,3,5,2,3,1,3,3,1,1,4,3,2,1,5,3,3,70,50,90,50,30,20,50,0,50,50,75,2,,,
24/02/20 9:06,24/02/20 9:17,0,100,636,1,24/02/20 9:17,R_2PnbB6VEKXi4X1X,anonymous,EN-GB,1,5,1,University of Queensland,Bachelor of Health Sciences,,1,2,Female,9,,9,2,1,5,4,2,3,4,1,5,1,5,4,1,1,5,2,2,2,4,4,2,5,0,2,5,60,25,10,10,80,40,20,2,,,
24/02/20 11:20,24/02/20 11:31,0,100,633,1,24/02/20 11:31,R_3eft3cQON16UK7G,anonymous,EN-GB,1,2,1,University of Queensland,Bachelor of Arts,,1,2,Male,9,,9,2,4,4,5,2,3,1,1,4,1,3,2,1,1,5,4,2,4,4,4,2,85,60,25,30,55,70,60,30,45,30,40,2,,,
24/02/20 11:47,24/02/20 13:11,0,100,5043,1,24/02/20 13:11,R_USXIc1LxTttqtKV,anonymous,EN-GB,1,2,3,,,,,,,,,,,,,,,,,,,,,,,,,,,,,,,,,,,,,,,,,,,,,
24/02/20 14:14,24/02/20 14:14,0,100,40,1,24/02/20 14:14,R_BQ9p5DkDiHbPcat,anonymous,EN-GB,1,2,3,,,,,,,,,,,,,,,,,,,,,,,,,,,,,,,,,,,,,,,,,,,,,
24/02/20 14:17,24/02/20 14:18,0,100,32,1,24/02/20 14:18,R_1dddZMzkPptx9iG,anonymous,EN-GB,1,3,2,,,,,,,,,,,,,,,,,,,,,,,,,,,,,,,,,,,,,,,,,,,,,
24/02/20 14:56,24/02/20 15:08,0,100,707,1,24/02/20 15:08,R_3s06GnHguWXnKjs,anonymous,EN-GB,1,2,1,University of Queensland ,Bachelor of Arts,Japanese and Linguistics ,1,2,Female ,9,,9,,2,4,5,1,4,4,1,5,1,4,5,1,2,3,4,1,4,2,3,3,40,70,20,0,100,10,60,70,50,40,60,2,,,
24/02/20 16:54,24/02/20 17:04,0,100,604,1,24/02/20 17:04,R_bycjwG6bdi1EVOx,anonymous,EN-GB,1,4,1,Open Universities Australia,"SIngle Subjects, towards a Bachelor of Behavioural Studies","Major in Psychological Studies, Minor in Criminology",2,2,Female,9,,9,2,2,4,5,4,3,4,1,5,1,3,4,1,1,5,2,4,2,4,5,1,30,70,50,50,50,20,20,20,20,50,35,2,,,
24/02/20 16:50,24/02/20 17:07,0,100,995,1,24/02/20 17:07,R_2zqcz4E7mTL2mr7,anonymous,EN-GB,1,3,1,Swinburne University,Bachelor of Behavioural Studies,Psychology,1,2,Female,9,,9,1,2,4,2,5,1,5,2,5,1,3,4,2,1,5,4,2,2,2,5,2,86,50,20,10,50,10,95,95,80,100,50,2,,,
24/02/20 17:44,24/02/20 19:31,0,100,6432,1,24/02/20 19:31,R_3dEYW01NuSd0s8l,anonymous,EN-GB,1,5,1,Swinburne University,Bachelor of Psychological Sciences,,1,2,Male,9,,9,1,1,5,5,1,1,5,2,4,2,4,5,1,2,4,4,2,4,2,2,2,30,0,60,60,40,20,80,20,65,55,60,2,,,
24/02/20 20:07,24/02/20 20:16,0,100,574,1,24/02/20 20:16,R_3yk9Jo6MK0e7zvX,anonymous,EN-GB,1,2,1,The University of Queensland,Bachelor of Science,Physics,1,2,Male,9,,9,1,2,4,5,1,5,2,1,5,2,2,2,1,1,5,5,1,3,3,5,3,75,90,20,20,33,10,85,20,33,75,90,2,,,
25/02/20 0:06,25/02/20 0:07,0,100,31,1,25/02/20 0:07,R_2ciuRNemei6bbML,anonymous,EN-GB,1,2,3,,,,,,,,,,,,,,,,,,,,,,,,,,,,,,,,,,,,,,,,,,,,,
24/02/20 23:18,25/02/20 1:36,0,100,8259,1,25/02/20 1:36,R_27jPp8POnusmuxF,anonymous,EN-GB,1,2,1,The University of Queensland,Bachelor of Criminology and Criminal Justice,Degree does not allow majors,1,1,Male,9,,185,1,4,4,5,4,2,5,1,5,1,4,5,1,1,5,2,4,4,2,5,1,60,41,35,20,35,7,19,30,81,29,71,2,,,
25/02/20 0:25,25/02/20 3:09,0,100,9811,1,25/02/20 3:09,R_2QxRnfT79aVGSvh,anonymous,EN-GB,1,3,1,University of Queensland,Bachelor of Arts,Major Film and television studies and for minor psychology and criminology,1,2,Male,9,,140,1,2,4,1,2,5,3,4,3,3,4,1,5,1,5,4,4,3,4,3,3,80,90,75,60,80,75,91,80,85,75,80,2,,,nope
25/02/20 4:21,25/02/20 4:33,0,100,697,1,25/02/20 4:33,R_tRkJTBCbxAd6scV,anonymous,EN-GB,1,4,1,Swinburne University of Technology,BA Psychology Sciences ,PSychology and sociology,1,2,female,9,,9,2,2,4,5,2,4,2,2,5,2,4,4,1,4,2,5,1,4,2,4,1,100,100,0,0,100,100,100,100,51,100,80,1,the inability to reproduce the exact results of the original study when replicating that study ,Subjective discipline. IE psychology sociology ,
25/02/20 10:48,25/02/20 10:56,0,100,472,1,25/02/20 10:56,R_1nVkcnMAXe5EDCp,anonymous,EN-GB,1,2,1,Swinburne University,Bachelor of Criminology and Criminal Justice,No major with my course,1,1,Female,9,,9,2,2,4,2,2,2,5,2,4,2,4,5,1,2,4,4,2,4,2,4,2,47,82,98,100,56,73,33,47,26,31,62,2,,,
25/02/20 11:02,25/02/20 11:03,0,100,97,1,25/02/20 11:03,R_1pL5QlhMu5Uy9QD,anonymous,EN-GB,1,2,2,,,,,,,,,,,,,,,,,,,,,,,,,,,,,,,,,,,,,,,,,,,,,
25/02/20 16:34,25/02/20 16:34,0,100,32,1,25/02/20 16:34,R_6tED8ThdVmV4tTX,anonymous,EN-GB,1,2,2,,,,,,,,,,,,,,,,,,,,,,,,,,,,,,,,,,,,,,,,,,,,,
25/02/20 17:05,25/02/20 17:07,0,100,103,1,25/02/20 17:07,R_273B5uVNlcE9IBt,anonymous,EN-GB,1,3,3,,,,,,,,,,,,,,,,,,,,,,,,,,,,,,,,,,,,,,,,,,,,,
25/02/20 17:07,25/02/20 17:08,0,100,52,1,25/02/20 17:08,R_eyRlM5M7qg1eqCR,anonymous,EN-GB,1,2,3,,,,,,,,,,,,,,,,,,,,,,,,,,,,,,,,,,,,,,,,,,,,,
25/02/20 17:04,25/02/20 17:13,0,100,539,1,25/02/20 17:13,R_2YeLYyW2vB0So5J,anonymous,EN-GB,1,5,1,University of Adelaide,Bachelor of Arts,,1,2,Female ,9,,9,1,2,5,4,2,4,3,2,5,1,2,5,1,1,5,4,2,2,2,3,2,50,50,25,25,50,25,25,25,25,50,50,2,,,
25/02/20 17:11,25/02/20 17:18,0,100,459,1,25/02/20 17:18,R_2sRRFqeAUAbL5mQ,anonymous,EN-GB,1,2,1,Swinburne University of Technology ,Bachelor of Science ,Chemistry ,1,1,Male,9,,9,2,2,4,4,2,5,4,1,5,2,4,5,4,2,4,5,1,1,5,5,3,100,75,22,18,,,,,,,80,2,,,
25/02/20 17:09,25/02/20 17:19,0,100,582,1,25/02/20 17:19,R_3J9ku9FeybtTVU3,anonymous,EN-GB,1,2,1,The University of Adelaide,Bachelor of Commerce,Accounting ,1,2,Female ,9,,104,1,2,5,3,5,4,5,2,5,1,3,5,3,2,4,4,3,3,4,5,3,70,80,20,10,90,75,50,50,50,90,50,1,,,
25/02/20 17:18,25/02/20 17:19,0,100,62,1,25/02/20 17:19,R_4UcVj90lV1PZs8F,anonymous,EN-GB,1,2,3,,,,,,,,,,,,,,,,,,,,,,,,,,,,,,,,,,,,,,,,,,,,,
25/02/20 17:05,25/02/20 17:21,0,100,969,1,25/02/20 17:21,R_1Losz6qYzsvynNj,anonymous,EN-GB,1,2,1,Adelaide University ,Bachelor of computer science ,Computer science ,1,2,Female,9,,36,1,1,5,4,4,4,4,5,5,5,2,4,1,2,4,4,4,4,4,2,4,70,70,80,70,60,50,80,50,50,50,40,2,,,
25/02/20 17:21,25/02/20 17:29,0,100,512,1,25/02/20 17:29,R_O7DkDVliYRqnNyF,anonymous,EN-GB,1,2,1,University of Adelaide,"Bachelor of Science, Animal Behaviour ",,1,2,Female,9,,9,2,4,4,5,3,3,4,5,2,3,4,3,2,1,4,4,2,4,2,3,3,50,62,91,48,49,73,83,73,48,70,63,2,,,no
25/02/20 17:37,25/02/20 17:47,0,100,567,1,25/02/20 17:47,R_3qCYcHDM7hfKB5M,anonymous,EN-GB,1,2,1,University of Adelaide,Bachelor of computer science,computer science,1,2,male,9,,36,1,2,4,4,4,4,3,3,2,3,3,2,3,2,4,3,3,4,3,2,3,10,10,50,30,0,15,15,25,15,10,50,2,,,
25/02/20 17:52,25/02/20 17:52,0,100,40,1,25/02/20 17:52,R_6MCAcmzrHkDLHcB,anonymous,EN-GB,1,2,3,,,,,,,,,,,,,,,,,,,,,,,,,,,,,,,,,,,,,,,,,,,,,
25/02/20 17:44,25/02/20 17:56,0,100,688,1,25/02/20 17:56,R_R1Onjawws8M66LD,anonymous,EN-GB,1,2,1,University of Adelaide,Bachelor of Arts (Advanced) ,Psychology and Creative Writing,1,1,Female,9,,9,1,1,5,4,2,4,4,3,4,1,5,5,1,2,4,4,2,1,5,4,3,61,80,50,5,50,5,41,1,1,50,35,2,,,
25/02/20 17:42,25/02/20 18:01,0,100,1114,1,25/02/20 18:01,R_cVe6QS3dNVa5RLz,anonymous,EN-GB,1,2,1,University of Adelaide,Bachelor of Psychological Science,Sociology,1,1,Female,9,,9,2,4,4,5,1,5,5,3,4,1,2,5,1,1,5,4,2,3,3,5,3,85,94,61,19,100,11,81,32,75,88,86,1,Researchers being unable to replicate past studies,Social sciences and sometimes medical,
25/02/20 17:53,25/02/20 18:05,0,100,693,1,25/02/20 18:05,R_W9868uzAKyl1y5H,anonymous,EN-GB,1,2,1,adelaide uni,bachelor of psychological science,genetics,1,1,female,9,,9,1,4,4,5,1,4,5,2,5,1,4,5,1,1,5,3,3,2,5,5,3,25,30,70,50,47,50,20,30,50,50,40,2,,,
25/02/20 18:09,25/02/20 18:18,0,100,554,1,25/02/20 18:18,R_bKuir8fzn6y21bP,anonymous,EN-GB,1,2,1,University of Adelaide,Bachelor of psychology Advanced with Honours ,Psychology,1,1,Female ,9,,9,1,3,5,4,2,3,4,1,5,1,5,4,1,1,5,4,2,3,4,5,2,25,20,30,3,70,20,40,9,65,60,65,2,,,
25/02/20 18:04,25/02/20 18:21,0,100,1027,1,25/02/20 18:21,R_0CEuPRBLlUBDu8N,anonymous,EN-GB,1,2,1,Adelaide University,Bachelor of Psychological Science (Advanced),French,1,1,femamle,9,,9,1,2,4,4,2,5,1,5,5,2,3,5,1,1,5,5,2,1,5,4,3,65,100,11,35,85,25,75,20,90,90,70,2,,,
25/02/20 18:19,25/02/20 18:22,0,100,143,1,25/02/20 18:22,R_2AR6aDFcl9UG9B3,anonymous,EN-GB,1,2,2,,,,,,,,,,,,,,,,,,,,,,,,,,,,,,,,,,,,,,,,,,,,,
25/02/20 17:59,25/02/20 18:22,0,100,1371,1,25/02/20 18:22,R_2zLSmxfmI0u7USQ,anonymous,EN-GB,1,2,1,UQ,Bachelor of Occupational Therapy Honour,,1,2,Female,9,,36,1,2,5,1,2,2,4,2,4,4,4,1,2,1,4,5,1,2,3,3,3,70,20,35,50,10,25,35,60,60,50,85,2,,,
25/02/20 18:24,25/02/20 18:24,0,100,47,1,25/02/20 18:24,R_1QiRQUTb3VjoJ3A,anonymous,EN-GB,1,2,3,,,,,,,,,,,,,,,,,,,,,,,,,,,,,,,,,,,,,,,,,,,,,
25/02/20 18:33,25/02/20 18:42,0,100,534,1,25/02/20 18:42,R_Ufgm9QmxrE7EP0R,anonymous,EN-GB,1,2,1,Univerisity of Adelaide ,Bachelor of Psychological Science ,,1,1,Female ,9,,9,2,2,5,3,1,1,5,1,5,1,1,5,1,1,5,5,1,5,1,5,3,83,15,82,19,83,86,87,86,74,70,81,2,,,
18/02/20 18:51,18/02/20 18:56,0,33,304,0,25/02/20 18:57,R_2wdxwKIaMU0SUPB,anonymous,EN-GB,1,2,1,University of Queensland,Bachelor of Health Sciences,nutrition,1,2,female,10,,36,2,,,,,,,,,,,,,,,,,,,,,,,,,,,,,,,,,,,
25/02/20 18:41,25/02/20 18:59,0,100,1130,1,25/02/20 18:59,R_DT83fLhmVZyCJd7,anonymous,EN-GB,1,2,1,Swinburne University,Bachelor of Psychological Sciences,,3,,Female,9,,9,1,2,5,5,5,1,5,2,4,1,5,5,1,1,5,3,2,3,3,2,3,40,40,5,5,75,30,50,3,95,50,95,1,Where they are unable to replicate results,"Psychology, sociology, ",
25/02/20 18:57,25/02/20 19:04,0,100,455,1,25/02/20 19:04,R_2fB6RhCX7jNySlz,anonymous,EN-GB,1,2,1,The University of Adelaide,Bachelor of Arts ,Psychology,1,1,Female,9,,9,2,4,5,4,2,5,4,2,5,2,4,5,1,2,4,2,3,3,4,5,3,70,85,20,20,75,40,50,5,50,30,46,2,,,
25/02/20 19:14,25/02/20 19:15,0,100,59,1,25/02/20 19:15,R_V4QrZUaziE3N2jD,anonymous,EN-GB,1,2,2,,,,,,,,,,,,,,,,,,,,,,,,,,,,,,,,,,,,,,,,,,,,,
25/02/20 19:23,25/02/20 19:31,0,100,448,1,25/02/20 19:31,R_1jOhCSzQDI4ORcZ,anonymous,EN-GB,1,2,1,University of Adelaide,Bachelor of Psychological Science,Criminology,1,2,Female,9,,9,2,4,2,4,3,4,4,2,5,1,3,4,1,1,5,4,3,5,1,3,3,38,15,82,39,61,19,52,67,29,70,30,2,,,
25/02/20 19:33,25/02/20 19:34,0,100,85,1,25/02/20 19:34,R_2B3BpgNOaXGOBQW,anonymous,EN-GB,1,2,5,,,,,,,,,,,,,,,,,,,,,,,,,,,,,,,,,,,,,,,,,,,,,
18/02/20 19:34,18/02/20 19:36,0,33,131,0,25/02/20 19:36,R_aaDfgOLKUgwFIxb,anonymous,EN-GB,1,2,1,UQ,Bachelor of Psychological Science (Hons),- ,1,2,Female,9,,9,1,,,,,,,,,,,,,,,,,,,,,,,,,,,,,,,,,,,
25/02/20 18:31,25/02/20 19:59,0,100,5266,1,25/02/20 19:59,R_2uqgNG1ojZ4Slv8,anonymous,EN-GB,1,2,2,,,,,,,,,,,,,,,,,,,,,,,,,,,,,,,,,,,,,,,,,,,,,
25/02/20 19:43,25/02/20 20:00,0,100,1016,1,25/02/20 20:00,R_WxnVeGe6A9WrgDn,anonymous,EN-GB,1,3,1,University of Adelaide,Bachelor of Psychological Science,Neuroscience and or Microbiology,2,1,Female.,9,,9,1,2,4,4,3,4,2,2,5,1,4,4,1,1,5,3,2,1,4,4,2,33,42,35,17,45,22,47,10,15,28,0,2,,,Some questions concerning Deborah - I was uncertain if it was in regards to her peer reviewed (and accepted) study or an premature upload of her manuscript. 
18/02/20 20:10,18/02/20 20:14,0,10,200,0,25/02/20 20:14,R_3OdgejfRfztwklc,anonymous,EN-GB,1,2,1,,,,,,,,,,,,,,,,,,,,,,,,,,,,,,,,,,,,,,,,,,,,,
25/02/20 20:21,25/02/20 20:22,0,100,29,1,25/02/20 20:22,R_ai2RoaH3ygAFYLD,anonymous,EN-GB,1,3,3,,,,,,,,,,,,,,,,,,,,,,,,,,,,,,,,,,,,,,,,,,,,,
25/02/20 20:15,25/02/20 20:29,0,100,844,1,25/02/20 20:29,R_ROnmCMmGvKo8xjj,anonymous,EN-GB,1,2,1,University of Adelaide ,Bachelor of Psych (Advanced) Honours ,n/a ,1,1,female ,9,,9,1,1,5,4,2,2,3,1,5,1,1,5,1,2,4,2,3,1,5,1,3,50,60,7,8,85,65,30,1,1,20,70,1,when studies are difficult to replicate or reproduce to the same standard as the original,n/a ,n/a 
18/02/20 21:17,18/02/20 21:21,0,10,248,0,25/02/20 21:21,R_10H6e1cZWXUg31f,anonymous,EN-GB,1,2,1,,,,,,,,,,,,,,,,,,,,,,,,,,,,,,,,,,,,,,,,,,,,,
18/02/20 21:53,18/02/20 21:56,0,33,172,0,25/02/20 21:56,R_1JIVZvrBjLDiDos,anonymous,EN-GB,1,2,1,University of Queensland,Bachelor of Occupational Therapy,NA,1,2,Female,9,,75,1,,,,,,,,,,,,,,,,,,,,,,,,,,,,,,,,,,,
25/02/20 22:07,25/02/20 22:12,0,100,341,1,25/02/20 22:12,R_PBX0TpVJtoGV7Il,anonymous,EN-GB,1,2,1,University of Adelaide ,Bachelor of health sciences,,1,2,Female,9,,9,1,2,5,1,1,3,5,1,5,1,1,5,1,1,5,1,5,1,5,2,1,31,47,23,21,49,43,46,46,39,43,74,2,,,
18/02/20 22:14,18/02/20 22:19,0,85,296,0,25/02/20 22:20,R_29tZKAoMCBb808s,anonymous,EN-GB,1,2,1,University of Queensland,Psychological Science (Honours),,1,2,Male,9,,1,1,,,,,,,,,,,,,,,,,,,,,,,,,,,,,,,,,,,
18/02/20 22:25,18/02/20 22:28,0,33,145,0,25/02/20 22:28,R_40yvNVE0RmWRsqZ,anonymous,EN-GB,1,2,1,University of Queensland,Bachelor of Psychological Science,,1,2,,,,,,,,,,,,,,,,,,,,,,,,,,,,,,,,,,,,,,,,
25/02/20 22:46,25/02/20 22:47,0,100,34,1,25/02/20 22:47,R_1F2lheuNzgIduZz,anonymous,EN-GB,1,2,3,,,,,,,,,,,,,,,,,,,,,,,,,,,,,,,,,,,,,,,,,,,,,
25/02/20 22:48,25/02/20 23:06,0,100,1077,1,25/02/20 23:06,R_1NgNFcTXuGJZrJ7,anonymous,EN-GB,1,4,1,Swinburne university,Bachelor of arts,Brain and behaviour ,2,2,Female,9,,9,2,2,4,5,4,5,5,4,5,5,5,4,1,3,4,5,1,5,1,5,3,35,52,76,23,72,85,92,100,95,83,84,2,,,No
25/02/20 23:16,25/02/20 23:22,0,100,356,1,25/02/20 23:22,R_25zTHRe21Cr4DQN,anonymous,EN-GB,1,2,1,University of Adelaide ,Bachelor of psychological sciences ,Psychology,1,1,Female ,9,,9,2,4,4,3,4,5,4,5,5,2,5,5,1,1,4,4,2,2,5,4,3,41,74,35,6,80,25,37,10,88,100,50,2,,,
25/02/20 23:15,25/02/20 23:30,0,100,927,1,25/02/20 23:30,R_1pQzZJ8jaZaseVS,anonymous,EN-GB,1,2,1,Adelaide University ,Bachelor of Laws and Bachelor of Arts ,Psychology ,1,1,Female,9,,9,1,1,5,2,2,3,4,1,4,2,3,5,1,1,5,2,4,2,4,4,2,20,60,70,85,50,40,50,30,60,40,70,2,,,
25/02/20 23:16,25/02/20 23:33,0,100,1002,1,25/02/20 23:33,R_0SMuqkaYTz2WEFP,anonymous,EN-GB,1,3,1,The University of Adelaide,Bachelor of Psychology Science,Neurology,1,2,Male,9,,9,2,2,5,3,1,4,4,3,5,3,1,4,1,1,5,3,4,1,5,3,3,,80,100,20,50,,60,,0,50,75,2,,,
25/02/20 23:34,25/02/20 23:34,0,100,38,1,25/02/20 23:34,R_27CLVxPMG555StY,anonymous,EN-GB,1,3,3,,,,,,,,,,,,,,,,,,,,,,,,,,,,,,,,,,,,,,,,,,,,,
25/02/20 23:39,25/02/20 23:57,0,100,1073,1,25/02/20 23:57,R_5bU0cc5Rpr3PqBr,anonymous,EN-GB,1,2,1,The University of Adelaide ,Bachelor of Psychological Science ,Psychological Science ,1,1,Female,9,,9,1,4,5,4,3,3,3,1,5,1,5,5,1,1,5,4,2,1,5,3,3,85,5,5,3,70,40,75,2,25,50,50,2,,,
25/02/20 23:57,26/02/20 0:12,0,100,914,1,26/02/20 0:12,R_2QrJ09Zl2y5mopr,anonymous,EN-GB,1,2,1,Adelaide University,Bachelor of Psychological Science,Psychology,1,2,Male,9,,9,2,2,5,5,1,4,2,2,5,1,5,5,1,1,5,4,2,1,5,4,4,30,70,50,30,60,15,15,10,80,25,40,1,That there is an inherent difficulty in replicating scientific studies which achieve the same results as the former study.,Psychology and physical biology,
26/02/20 0:28,26/02/20 0:38,0,100,620,1,26/02/20 0:38,R_1LILhfWqcpYO0BZ,anonymous,EN-GB,1,2,1,Adelaide University,Bachelor of Arts,,1,1,Female,9,,9,2,2,5,5,4,5,5,4,4,1,5,3,1,1,5,3,5,4,3,3,3,30,72,13,0,45,8,34,53,37,40,30,2,,,
25/02/20 23:40,26/02/20 0:44,0,100,3866,1,26/02/20 0:44,R_2CxrZgHfDnDW5WQ,anonymous,EN-GB,1,3,1,Adelaide Uni,Bachelor of psychological science,,1,1,Female,9,,192,1,2,1,1,1,1,4,1,3,1,1,1,1,1,4,1,4,2,5,3,3,12,100,,55,47,,100,17,54,100,60,2,,,
26/02/20 0:52,26/02/20 1:00,0,100,525,1,26/02/20 1:00,R_306pe1i861saLOf,anonymous,EN-GB,1,2,1,The University of Adelaide,Bachelor of Health and Medical Science,,1,2,Male,9,,9,2,3,4,4,3,4,4,3,4,3,4,5,2,3,4,3,4,3,5,4,4,65,49,36,25,76,40,27,42,77,74,56,2,,,
19/02/20 1:02,19/02/20 1:07,0,33,246,0,26/02/20 1:07,R_3j07s7kVNp3MmNo,anonymous,EN-GB,1,2,1,UNIVERSITY OF QUEENSLAND,BACHELOR OF ARTS/BACHELOR OF SOCIAL SCIENCE ,PSYCHOLOGY/ENVIRONMENT AND SOCIETY,1,2,FEMALE,9,,185,1,,,,,,,,,,,,,,,,,,,,,,,,,,,,,,,,,,,
26/02/20 0:59,26/02/20 1:10,0,100,677,1,26/02/20 1:10,R_3LcBDWAlvRflJrt,anonymous,EN-GB,1,2,1,The University of Adelaide,Bachelor of Media with a Bachelor of Arts,Journalism & Psychology,1,1,Female,9,,9,1,4,2,4,4,2,5,1,4,1,5,5,1,1,5,2,4,1,5,3,3,100,30,0,0,100,0,20,0,45,40,98,2,,,
26/02/20 1:42,26/02/20 1:42,0,100,24,1,26/02/20 1:42,R_2Sf1HI40vY3vbn5,anonymous,EN-GB,1,2,2,,,,,,,,,,,,,,,,,,,,,,,,,,,,,,,,,,,,,,,,,,,,,
19/02/20 1:49,19/02/20 1:53,0,33,257,0,26/02/20 1:53,R_SGD8MrS74UDhIyt,anonymous,EN-GB,1,2,1,University of Queensland,Bachelor of Psychological Science,,1,2,Female,9,,9,1,,,,,,,,,,,,,,,,,,,,,,,,,,,,,,,,,,,
26/02/20 2:27,26/02/20 2:41,0,100,817,1,26/02/20 2:41,R_8BAoLVNDsrRtbbj,anonymous,EN-GB,1,2,1,Adelaide University,Bachelor of psychology advanced honours,,1,1,Female,9,,9,1,4,5,5,4,4,4,2,5,2,4,5,1,1,5,5,1,2,4,4,4,70,63,30,14,92,20,81,37,87,60,71,1,"Studies are being conducted that are difficult to replicate, thereby making it unclear whether the findings of the original study are valid or not.",The validity and transferability of study findings,
26/02/20 3:06,26/02/20 3:16,0,100,591,1,26/02/20 3:16,R_2cbffHgS6YIoQVO,anonymous,EN-GB,1,2,1,University of Adelaide,Bachelor of Computer Science,,1,2,Female,9,,9,1,2,4,5,4,4,2,5,3,1,5,5,1,1,5,3,3,4,2,3,3,40,60,70,20,80,20,50,35,60,50,70,2,,,
18/02/20 22:30,19/02/20 3:43,0,33,18723,0,26/02/20 3:43,R_2ctFX8tratjqulm,anonymous,EN-GB,1,2,1,The University of Queensland (St Lucia),Bachelor of Arts,Psychology,1,2,Female,9,,9,1,,,,,,,,,,,,,,,,,,,,,,,,,,,,,,,,,,,
26/02/20 6:20,26/02/20 6:42,0,100,1343,1,26/02/20 6:42,R_3kh9EcWJX9JdTcg,anonymous,EN-GB,1,2,1,The university of Adelaide,Bachelor of teaching,Physics,1,2,Male,9,,36,1,2,5,4,2,4,4,4,4,1,5,2,1,2,1,4,2,2,4,3,3,70,10,80,70,40,20,50,30,60,40,20,1,Data and other finding were used without any considering ,Society and Psychology?,
26/02/20 10:18,26/02/20 10:26,0,100,458,1,26/02/20 10:26,R_1ln6hQAzZQhuOxt,anonymous,EN-GB,1,2,1,University of Adelaide ,Bachelor of Psychology (Advanced) (Honours),,1,2,Female,9,,9,1,2,5,3,2,3,4,4,2,1,3,5,1,1,5,3,2,4,2,4,2,67,56,69,5,90,16,48,58,74,34,60,2,,,
26/02/20 11:35,26/02/20 11:52,0,100,989,1,26/02/20 11:52,R_SUn58GFSG67n281,anonymous,EN-GB,1,3,1,University of Adelaide,Bachelor of Psychological Science,Anthropology,1,1,Female,9,,185,1,2,5,2,2,1,4,2,2,1,5,4,1,1,4,2,4,2,4,4,3,18,63,77,48,14,0,33,3,22,44,51,2,,,
26/02/20 11:56,26/02/20 12:08,0,100,720,1,26/02/20 12:08,R_3JqhAlM2nPihvFr,anonymous,EN-GB,1,2,1,University of Adelaide,Bachelor of Criminology,Major in Psychology,1,2,Male,9,,9,2,1,3,3,3,4,2,2,4,1,3,5,3,1,5,5,3,3,3,4,2,50,70,50,35,20,40,80,30,30,60,25,2,,,
26/02/20 11:58,26/02/20 12:17,0,100,1143,1,26/02/20 12:17,R_1isKBzdD8P1DMXg,anonymous,EN-GB,1,2,3,,,,,,,,,,,,,,,,,,,,,,,,,,,,,,,,,,,,,,,,,,,,,
26/02/20 14:01,26/02/20 14:02,0,100,62,1,26/02/20 14:02,R_1eLzvb4xbz3lt0l,anonymous,EN-GB,1,6,3,,,,,,,,,,,,,,,,,,,,,,,,,,,,,,,,,,,,,,,,,,,,,
26/02/20 14:21,26/02/20 14:29,0,100,510,1,26/02/20 14:29,R_10IzLR0KfG4Wu6S,anonymous,EN-GB,1,3,1,The University of Adelaide,Bachelor of Health and Medical Sciences,,2,1,Female,9,,9,2,2,5,4,2,2,5,1,5,1,5,5,1,2,4,4,2,4,2,4,2,30,20,80,80,20,70,30,15,15,45,35,2,,,
19/02/20 14:31,19/02/20 14:32,0,5,39,0,26/02/20 14:32,R_3R3nd193QMyjF62,anonymous,EN-GB,1,,,,,,,,,,,,,,,,,,,,,,,,,,,,,,,,,,,,,,,,,,,,,,,
26/02/20 14:36,26/02/20 14:36,0,100,33,1,26/02/20 14:36,R_11d8hLE46ywca2H,anonymous,EN-GB,2,,,,,,,,,,,,,,,,,,,,,,,,,,,,,,,,,,,,,,,,,,,,,,,
26/02/20 14:34,26/02/20 14:43,0,100,523,1,26/02/20 14:43,R_1I44kwORS6f3lJi,anonymous,EN-GB,1,3,1,Adelaide Universtiy,Bachelor of Science,,2,2,female,9,,9,2,2,5,4,2,4,2,1,5,1,3,5,2,2,2,4,1,1,5,5,4,86,86,51,82,51,33,9,5,1,38,10,2,,,
26/02/20 16:56,26/02/20 17:04,0,100,517,1,26/02/20 17:04,R_w7wrfa5IxVZjmUN,anonymous,EN-GB,1,4,1,University of Adelaide,"Bachelor of Psychology (Honours, Advanced)",,1,2,Female,9,,9,1,2,4,4,3,2,4,2,4,2,4,5,1,2,4,3,3,2,2,2,2,50,49,50,50,75,50,50,50,50,50,30,2,,,How would a person new to research know anything about online registries of research etc?
19/02/20 17:56,19/02/20 18:19,0,33,1386,0,26/02/20 18:19,R_1jHUkZfB6KYvUOm,anonymous,EN-GB,1,4,1,university of queensland,Bachelor of Arts,Psychology,1,2,Female,9,,9,1,,,,,,,,,,,,,,,,,,,,,,,,,,,,,,,,,,,
26/02/20 18:58,26/02/20 19:01,0,100,214,1,26/02/20 19:01,R_Cdkk5SJlnkvQaxX,anonymous,EN-GB,1,4,3,,,,,,,,,,,,,,,,,,,,,,,,,,,,,,,,,,,,,,,,,,,,,
26/02/20 19:15,26/02/20 19:31,0,100,952,1,26/02/20 19:31,R_1IYm1LvwrSp0vFo,anonymous,EN-GB,1,2,1,University of Adelaide ,Bachelor of psychological science ,Criminology / sociology ,1,1,Female,9,,9,2,2,5,4,1,5,4,5,5,1,5,5,3,1,5,2,3,1,5,1,2,88,100,52,25,84,10,32,11,28,51,90,2,,,
26/02/20 20:10,26/02/20 20:11,0,100,37,1,26/02/20 20:11,R_1hWISO6Fg7UDTkY,anonymous,EN-GB,1,2,3,,,,,,,,,,,,,,,,,,,,,,,,,,,,,,,,,,,,,,,,,,,,,
19/02/20 20:27,19/02/20 20:30,0,33,174,0,26/02/20 20:30,R_1NtxWB59sjUtGLm,anonymous,EN-GB,1,3,1,The University of Queensland,Bachelor of Psychological Science (Honours),,1,2,Queer Man,9,,9,2,,,,,,,,,,,,,,,,,,,,,,,,,,,,,,,,,,,
26/02/20 21:58,26/02/20 21:58,0,100,27,1,26/02/20 21:58,R_8qRj0MJqtjAEptD,anonymous,EN-GB,1,2,2,,,,,,,,,,,,,,,,,,,,,,,,,,,,,,,,,,,,,,,,,,,,,
26/02/20 22:09,26/02/20 22:16,0,100,397,1,26/02/20 22:16,R_bpgxD4NIIXaTfjj,anonymous,EN-GB,1,2,1,University of Adelaide,Bachelor of Psychological Science ,,1,1,female,9,,9,1,2,4,3,4,4,3,2,4,1,1,1,2,1,4,4,1,2,4,4,1,29,31,49,57,18,7,54,8,59,54,39,2,,,
26/02/20 22:59,26/02/20 23:11,0,100,733,1,26/02/20 23:11,R_3PUlmDqNv1tRJoR,anonymous,EN-GB,1,3,1,Adelaide University,BSc,Animal Behaviour,1,2,Female,9,,9,1,1,5,4,2,2,4,3,4,2,4,4,2,1,4,3,3,3,4,3,3,25,15,60,70,55,25,30,10,20,15,20,2,,,
26/02/20 23:29,26/02/20 23:34,0,100,314,1,26/02/20 23:34,R_2aVkScGgeZmowzA,anonymous,EN-GB,1,2,1,University of Adelaide,Bachelor of Arts (Advanced),,1,1,female,9,,9,1,4,5,5,3,3,4,2,2,1,5,4,2,2,4,4,2,4,4,5,4,60,30,62,11,80,49,70,20,66,47,72,2,,,
26/02/20 13:13,26/02/20 23:51,0,100,38283,1,26/02/20 23:51,R_064FdH9Dq3qTP0t,anonymous,EN-GB,1,6,1,Swinburne University,It will be a degree in psychology but we're only doing the first two modules to get us into the course at the moment.,It will be a degree in psychology with a minor in criminology. ,2,2,Female,9,,9,2,2,4,4,4,5,1,1,5,1,4,5,1,1,5,5,1,2,2,4,1,82,22,0,30,71,31,78,41,71,71,82,2,,,
26/02/20 23:20,26/02/20 23:55,0,100,2102,1,26/02/20 23:55,R_3OfAATkHZENvfVE,anonymous,EN-GB,1,3,1,the University of Adelaide,bachelor of Health and Medical Science,Neurosciences,1,2,Female,9,,36,1,4,2,4,4,3,5,1,4,4,4,5,1,1,5,5,5,5,4,4,1,49,22,9,11,97,12,94,53,61,92,100,2,,,
26/02/20 23:50,26/02/20 23:59,0,100,554,1,26/02/20 23:59,R_vZZpDynGB3AvS1P,anonymous,EN-GB,1,2,1,University of Adelaide,Bachelor of Sociology,,1,2,Female,9,,9,1,1,5,5,2,4,5,2,5,1,5,4,1,1,5,4,2,3,3,2,4,100,20,40,50,65,10,50,30,70,50,30,2,,,
27/02/20 0:01,27/02/20 0:02,0,100,39,1,27/02/20 0:02,R_1N7VnWVj5o1EpHn,anonymous,EN-GB,2,,,,,,,,,,,,,,,,,,,,,,,,,,,,,,,,,,,,,,,,,,,,,,,
26/02/20 23:47,27/02/20 0:08,0,100,1230,1,27/02/20 0:08,R_2RQXmnDfAmmLRv3,anonymous,EN-GB,1,2,1,UQ,Bachelor of Arts & Social Science,,1,2,Female,9,,9,2,3,4,4,2,5,4,4,2,1,2,5,1,3,2,4,2,3,1,4,1,55,37,66,48,69,43,63,33,58,35,24,2,,,
20/02/20 0:24,20/02/20 0:32,0,85,450,0,27/02/20 0:32,R_2SpLV6cpiFnnph8,anonymous,EN-GB,1,2,1,The University of Queensland,Bachelor of Psychological Sciences (Honours),,1,2,Female,9,,192,1,4,4,5,4,3,5,1,5,1,4,5,2,1,5,1,5,2,5,4,3,,,,,,,,,,,,,,,
20/02/20 3:22,20/02/20 3:22,0,10,37,0,27/02/20 3:22,R_11hfMKAPH2r7vRD,anonymous,EN-GB,1,2,1,,,,,,,,,,,,,,,,,,,,,,,,,,,,,,,,,,,,,,,,,,,,,
27/02/20 4:46,27/02/20 4:48,0,100,143,1,27/02/20 4:48,R_30f1uQHSfO4ePu4,anonymous,EN-GB,1,4,2,,,,,,,,,,,,,,,,,,,,,,,,,,,,,,,,,,,,,,,,,,,,,
27/02/20 10:29,27/02/20 10:44,0,100,858,1,27/02/20 10:44,R_1rwt6rWaA0Od4fA,anonymous,EN-GB,1,4,1,university of  adelaide,Bachelor of Psychological Science,,1,2,male,9,,9,2,2,5,5,2,4,4,1,5,1,3,5,1,1,5,4,5,1,4,1,5,24,39,2,6,80,32,48,18,39,12,40,2,,,
20/02/20 14:35,20/02/20 14:45,0,33,602,0,27/02/20 14:46,R_3NPBotIo2IAvho8,anonymous,EN-GB,1,2,1,University of Queensland,Bachelor of Arts,,1,2,Female,9,,9,2,,,,,,,,,,,,,,,,,,,,,,,,,,,,,,,,,,,
27/02/20 14:42,27/02/20 14:49,0,100,429,1,27/02/20 14:49,R_b3hDQ02SMT6TuG5,anonymous,EN-GB,1,5,1,Adelaide,Psychological Science,,1,2,m,9,,9,2,1,5,4,3,3,3,2,4,1,4,4,1,3,3,4,2,4,2,4,2,,,,,,,,,,,,,,,
27/02/20 14:53,27/02/20 14:55,0,100,161,1,27/02/20 14:55,R_AFmyxwcwz5LLTgt,anonymous,EN-GB,1,2,2,,,,,,,,,,,,,,,,,,,,,,,,,,,,,,,,,,,,,,,,,,,,,
20/02/20 15:54,20/02/20 15:59,0,85,283,0,27/02/20 15:59,R_qxuJyuFIaFCtLVf,anonymous,EN-GB,1,2,1,UQ,Bachelor of Science (Advanced),Biology,1,2,Female,9,,9,1,1,3,3,4,3,3,2,4,1,3,4,1,2,4,5,1,2,4,4,3,,,,,,,,,,,,,,,
27/02/20 16:17,27/02/20 16:18,0,100,59,1,27/02/20 16:18,R_33rO335LSOK0ctQ,anonymous,EN-GB,1,2,2,,,,,,,,,,,,,,,,,,,,,,,,,,,,,,,,,,,,,,,,,,,,,
20/02/20 16:54,20/02/20 17:13,0,88,1151,0,27/02/20 17:14,R_3m4f4evATe00KYR,anonymous,EN-GB,1,2,1,University of Queensland ,Bachelor of Science ,Psychology ,1,2,Female,9,,9,1,2,5,2,3,4,3,2,5,4,3,4,2,2,4,3,2,3,2,4,2,35,57,35,83,94,45,66,27,72,73,,,,,
27/02/20 17:23,27/02/20 17:39,0,100,927,1,27/02/20 17:39,R_Cla0lscoJDR3gU9,anonymous,EN-GB,1,2,1,The University of Adelaide,Bachelor of Psychology,Criminology,1,1,Female,9,,9,2,2,4,3,1,3,3,1,2,1,2,4,1,2,4,3,3,3,2,2,3,10,10,20,5,10,30,10,5,15,30,30,2,,,
27/02/20 17:38,27/02/20 17:39,0,100,63,1,27/02/20 17:39,R_1kZkuYQUqNMWIoz,anonymous,EN-GB,1,2,2,,,,,,,,,,,,,,,,,,,,,,,,,,,,,,,,,,,,,,,,,,,,,
27/02/20 17:49,27/02/20 17:51,0,100,117,1,27/02/20 17:51,R_27U4u0a24RBdJqc,anonymous,EN-GB,1,2,2,,,,,,,,,,,,,,,,,,,,,,,,,,,,,,,,,,,,,,,,,,,,,
27/02/20 18:04,27/02/20 18:21,0,100,1031,1,27/02/20 18:21,R_12PxeMoCHv99bJy,anonymous,EN-GB,1,2,1,University of Adelaide,Honours Degree of Bachelor of Psychology (Advanced),,1,1,Female,9,,130,1,2,4,5,4,4,2,1,5,1,5,5,1,2,4,4,2,2,4,4,2,50,60,30,10,70,20,70,70,75,65,70,2,,,
27/02/20 22:54,27/02/20 23:01,0,100,415,1,27/02/20 23:01,R_2uWmcU2K42JOOqL,anonymous,EN-GB,1,2,1,University of Adelaide,Bachelor of Health and Medical Sciences,,1,2,Female,9,,1,2,3,4,4,5,4,5,5,5,5,4,5,3,5,4,4,4,4,5,4,4,100,83,93,70,73,79,71,76,70,86,73,2,,,
27/02/20 23:07,27/02/20 23:15,0,100,487,1,27/02/20 23:15,R_1FgFaXgtAgvIoqR,anonymous,EN-GB,1,2,1,The University of Adelaide,Bachelor of Health and Medical Sciences,Medical Science,1,1,Female,9,,9,1,2,4,5,2,4,4,1,5,1,5,5,1,1,5,5,1,1,5,4,2,9,48,7,7,100,3,69,0,15,70,100,2,,,
27/02/20 23:41,28/02/20 0:10,0,100,1750,1,28/02/20 0:10,R_1mPmzmVLvim919q,anonymous,EN-GB,1,2,1,swinburne,psy10007,psychology,1,1,male,9,,9,2,3,4,5,3,4,2,3,4,1,5,5,2,1,5,5,1,4,2,5,1,69,1,69,1,80,28,96,35,75,91,69,1,when studies are difficult to reproduce or replicate ,psychology and medicine,
21/02/20 3:07,21/02/20 3:10,0,33,211,0,28/02/20 3:11,R_3RrPJ2walTovrwL,anonymous,EN-GB,1,2,1,University of Queensland,Bachelor of Physiotherapy,,1,2,Female,9,,192,1,,,,,,,,,,,,,,,,,,,,,,,,,,,,,,,,,,,
28/02/20 11:42,28/02/20 11:54,0,100,748,1,28/02/20 11:54,R_1jfDipzxuA4joW2,anonymous,EN-GB,1,2,1,Swinburne hawthorn,bachelor of psychology (honours),,1,1,Male,9,,9,1,1,4,4,3,5,4,4,4,2,5,5,3,1,5,5,1,1,5,4,1,80,51,0,0,100,5,75,15,50,75,90,2,,,
21/02/20 12:07,21/02/20 12:09,0,33,90,0,28/02/20 12:09,R_2CPpb5CuCZl430M,anonymous,EN-GB,1,2,1,UQ,Bachelor of Health Science,Nutrition,1,2,Female,9,,9,1,,,,,,,,,,,,,,,,,,,,,,,,,,,,,,,,,,,
28/02/20 12:03,28/02/20 12:13,0,100,600,1,28/02/20 12:13,R_2YxHTg0ajOopdqw,anonymous,EN-GB,1,2,1,Swinburne ,Bachelor of psychology (honours),,1,1,Female,9,,9,1,2,5,3,2,5,1,1,5,2,2,5,1,1,5,5,1,2,2,5,3,85,31,29,21,30,21,51,11,16,21,53,2,,,
28/02/20 13:34,28/02/20 13:35,0,100,76,1,28/02/20 13:35,R_BWJ9W3BRLY7hR3X,anonymous,EN-GB,1,2,2,,,,,,,,,,,,,,,,,,,,,,,,,,,,,,,,,,,,,,,,,,,,,
28/02/20 13:53,28/02/20 14:01,0,100,461,1,28/02/20 14:01,R_2D0rfLzeM9zgaFO,anonymous,EN-GB,1,2,1,Swinburne University Of Technology ,Bachelor of Psychological Science,Major in Psychology and Co Major in Cinema and Screen Studies,1,1,Female,9,,9,2,2,4,3,2,5,4,2,5,4,3,5,1,1,5,2,4,2,5,3,4,60,40,30,87,90,29,42,25,64,55,30,2,,,
28/02/20 15:22,28/02/20 15:45,0,100,1433,1,28/02/20 15:45,R_W2SRZt3XLrTLuJX,anonymous,EN-GB,1,2,1,the University of Queensland,Bachelor of Physiotherapy,,1,2,Female,9,,36,1,2,4,5,5,2,4,2,3,3,4,2,3,1,4,5,2,3,1,3,3,100,100,100,100,50,20,70,100,100,76,34,1,Plagiaris,Integrity,
28/02/20 15:51,28/02/20 16:00,0,100,554,1,28/02/20 16:00,R_V3v4nR4roMT9Qkx,anonymous,EN-GB,1,2,1,Adelaide Uni,Bachelor of Science,,1,2,Female,9,,9,1,2,5,3,3,4,2,2,4,3,2,3,1,2,5,5,1,2,5,4,2,60,80,80,65,55,65,50,40,60,20,50,2,,,N/A
28/02/20 15:55,28/02/20 16:09,0,100,855,1,28/02/20 16:09,R_1IH1KXIaeqlWGUy,anonymous,EN-GB,1,2,1,University of Adelaide,Bachelor of Psychology (Advanced) (Honours),Introduction to Psychology & Research Methods in Psychology,1,1,Male,9,,9,1,3,4,4,4,5,2,2,5,1,5,5,1,1,5,4,2,4,2,5,1,6,93,6,16,51,1,10,6,26,15,98,2,,,
28/02/20 16:42,28/02/20 16:51,0,100,559,1,28/02/20 16:51,R_8iSYcj6xpQ17u7L,anonymous,EN-GB,1,2,1,University of Adelaide,Bachelor of Health and Medical Sciences (Advanced),,1,1,Female,9,,9,1,2,5,4,3,5,2,1,5,2,3,3,1,2,4,3,3,3,4,4,3,75,75,25,33,68,15,50,40,60,50,40,1,The increasing number of studies that are published despite being unable to be replicated or reproduced,Psychology ,
28/02/20 17:58,28/02/20 17:59,0,100,84,1,28/02/20 17:59,R_6lqns5YFtNZSZnH,anonymous,EN-GB,1,2,3,,,,,,,,,,,,,,,,,,,,,,,,,,,,,,,,,,,,,,,,,,,,,
21/02/20 18:03,21/02/20 18:07,0,33,233,0,28/02/20 18:07,R_1jCJTwZxoyMaPEG,anonymous,EN-GB,1,4,1,University of Queensland,Bachelor of Psychological sciences,,2,2,male,9,,9,1,,,,,,,,,,,,,,,,,,,,,,,,,,,,,,,,,,,
28/02/20 18:30,28/02/20 18:39,0,100,570,1,28/02/20 18:39,R_2fpugBotavlRmNZ,anonymous,EN-GB,1,3,1,University of Adelaide,Bachelor of Psychological Science,,1,1,Male,9,,9,1,5,4,4,1,1,5,2,4,1,2,5,1,1,5,4,2,3,3,4,1,82,19,83,20,50,19,25,41,44,54,51,2,,,
28/02/20 23:32,28/02/20 23:41,0,100,583,1,28/02/20 23:41,R_cx3xu5Y7tpxtPMZ,anonymous,EN-GB,1,4,1,Adelaide,Bachelor of Psychological science,Psychology,2,2,Female,9,,9,2,1,5,3,1,1,3,1,5,1,5,5,1,1,5,5,5,3,3,5,1,10,0,0,0,100,0,0,0,100,100,20,2,,,
29/02/20 11:54,29/02/20 12:12,0,100,1070,1,29/02/20 12:12,R_1rdor7mFP0KbMAc,anonymous,EN-GB,1,2,1,Swinburne University of Technology ,Bachelor of Health Sciences/Bachelor of Business ,Nutrition/Entrepreneurship and Innovation ,1,2,Female ,9,,9,2,4,4,3,4,4,2,2,4,2,4,5,1,1,5,4,2,3,3,4,4,30,100,40,5,80,25,80,,,50,0,2,,,
29/02/20 12:02,29/02/20 12:14,0,100,698,1,29/02/20 12:14,R_5bBlRVPOJTLPgD7,anonymous,EN-GB,1,2,1,University of Adelaide,Bachelor of Psychological Science,Microbiology,1,1,Female,9,,9,2,1,4,4,1,4,4,1,5,1,3,5,2,1,5,4,2,3,2,4,2,60,40,20,10,70,20,35,25,20,6,60,2,,,
29/02/20 13:23,29/02/20 13:57,0,100,2044,1,29/02/20 13:57,R_2Y9dJNVE7WbxhR1,anonymous,EN-GB,1,2,1,University of Adelaide,Bachelor of Arts,Psychology and Economics,1,1,Female,9,,9,2,4,5,5,2,3,5,2,5,1,5,5,1,1,5,4,2,1,5,5,2,39,71,26,7,69,36,34,5,48,57,70,2,,,
22/02/20 17:15,22/02/20 19:18,0,33,7414,0,29/02/20 19:19,R_2nx6InOqvoFSF8Z,anonymous,EN-GB,1,2,1,The University of Queensland,Bachelor of Occupational Therapy (Hons),,1,1,Female,9,,75,2,,,,,,,,,,,,,,,,,,,,,,,,,,,,,,,,,,,
22/02/20 20:03,22/02/20 20:06,0,33,165,0,29/02/20 20:06,R_2OHI9U6Kf9fJpC8,anonymous,EN-GB,1,2,1,University of Queensland ,Bachelor of Physiotherapy,,1,2,Female,9,,36,2,,,,,,,,,,,,,,,,,,,,,,,,,,,,,,,,,,,
29/02/20 22:16,29/02/20 22:29,0,100,779,1,29/02/20 22:29,R_1FG8CMlzcURJcAt,anonymous,EN-GB,1,2,1,University of Adelaide,Bachelor of Psychological Science,,1,1,Male,9,,9,1,3,4,4,2,3,4,1,4,1,5,4,1,2,3,4,2,3,3,5,3,30,30,50,50,46,0,20,25,40,45,65,2,,,
23/02/20 2:14,23/02/20 2:20,0,33,360,0,1/03/20 2:20,R_1161gBZRZmx29YI,anonymous,EN-GB,1,2,1,university of queensland,bachelor of occupational therapy ,,1,2,female,9,,9,1,,,,,,,,,,,,,,,,,,,,,,,,,,,,,,,,,,,
1/03/20 1:39,1/03/20 2:24,0,100,2753,1,1/03/20 2:25,R_3fow4cucAYVmqjI,anonymous,EN-GB,1,2,1,the university of adelaide,bachelor of international business,,1,2,Female,9,,36,2,1,5,3,4,2,5,3,4,4,4,2,1,2,4,2,4,2,4,3,3,60,66,63,61,62,63,68,64,59,57,54,2,,,
1/03/20 3:00,1/03/20 3:04,0,100,252,1,1/03/20 3:04,R_a36Qf7PxNe7f6Xn,anonymous,EN-GB,1,3,2,,,,,,,,,,,,,,,,,,,,,,,,,,,,,,,,,,,,,,,,,,,,,
1/03/20 13:41,1/03/20 13:43,0,100,112,1,1/03/20 13:43,R_z85YReQOfBVQTHr,anonymous,EN-GB,1,7,3,,,,,,,,,,,,,,,,,,,,,,,,,,,,,,,,,,,,,,,,,,,,,
23/02/20 13:46,23/02/20 13:54,0,33,532,0,1/03/20 13:55,R_2AT3IvFeP2IuGww,anonymous,EN-GB,1,2,1,University of Queensland,Bachelor of Speech Pathology (Honours),,1,2,female,9,,9,1,,,,,,,,,,,,,,,,,,,,,,,,,,,,,,,,,,,
23/02/20 15:19,23/02/20 17:27,0,5,7661,0,1/03/20 17:28,R_3qaRhyBXx9OmL5g,anonymous,EN-GB,1,,,,,,,,,,,,,,,,,,,,,,,,,,,,,,,,,,,,,,,,,,,,,,,
1/03/20 18:24,1/03/20 18:31,0,100,386,1,1/03/20 18:31,R_3lWIdDrIPFnP5Vn,anonymous,EN-GB,1,2,1,OPEN UNIVERSITY AUSTRALIA ,BACHELOR OF PSYCHOLIGICAL SCIENCES,,1,1,FEMALE,9,,9,1,2,4,3,4,3,4,2,5,1,4,4,1,2,4,5,1,1,3,4,3,41,69,63,53,66,45,67,53,75,69,68,2,,,
23/02/20 20:51,23/02/20 20:54,0,33,179,0,1/03/20 20:54,R_VQLRfeyHZnihTpf,anonymous,EN-GB,1,2,1,University of Queensland ,Bachelor of Speech Pathology ,,1,2,Female ,9,,156,1,,,,,,,,,,,,,,,,,,,,,,,,,,,,,,,,,,,
1/03/20 22:32,1/03/20 22:47,0,100,890,1,1/03/20 22:47,R_1LZJxLxwMSGFJUS,anonymous,EN-GB,1,2,1,The University of Adelaide ,Bachelor of psychology (honours) (advanced) ,Our course only allows several electives and does not allow a major ,1,2,Female ,9,,9,2,1,4,4,5,5,3,3,4,2,4,5,2,2,4,4,2,3,3,3,3,83,78,95,66,69,46,46,11,0,10,51,2,,,
2/03/20 0:28,2/03/20 0:29,0,100,72,1,2/03/20 0:29,R_1CKLhl0oHbGWfdB,anonymous,EN-GB,1,2,2,,,,,,,,,,,,,,,,,,,,,,,,,,,,,,,,,,,,,,,,,,,,,
23/02/20 23:34,24/02/20 0:53,0,33,4761,0,2/03/20 0:53,R_xr2Xl7tchoZEjGF,anonymous,EN-GB,1,2,1,The University of Queensland,Bachelor of Arts,International Relations,1,2,Female,9,,192,1,,,,,,,,,,,,,,,,,,,,,,,,,,,,,,,,,,,
2/03/20 1:01,2/03/20 1:11,0,100,603,1,2/03/20 1:11,R_CmDupDjoGhr44mt,anonymous,EN-GB,1,2,1,University of Adelaide,bachelor of health and medical sciences,,1,1,female,9,,9,1,3,5,4,5,4,5,4,4,1,5,5,3,2,4,4,3,2,5,5,2,75,85,95,62,85,22,80,26,51,60,75,2,,,
24/02/20 13:11,24/02/20 13:12,0,8,31,0,2/03/20 13:12,R_22VNsQRKBUde9Qp,anonymous,EN-GB,1,2,,,,,,,,,,,,,,,,,,,,,,,,,,,,,,,,,,,,,,,,,,,,,,
2/03/20 13:42,2/03/20 13:54,0,100,688,1,2/03/20 13:54,R_VVyIN43i6BTqh6V,anonymous,EN-GB,1,5,1,Adelaide University,Bachelor of Psychology ,,1,1,male,9,,9,1,2,3,4,4,4,4,4,4,2,3,4,2,2,3,3,4,4,3,3,3,10,10,90,65,20,50,10,10,10,10,50,1,Having the ability to replicate the experiment using the exact conditions,pyschology,
2/03/20 14:17,2/03/20 14:20,0,100,175,1,2/03/20 14:20,R_8JizV9h7UaKErlf,anonymous,EN-GB,1,2,2,,,,,,,,,,,,,,,,,,,,,,,,,,,,,,,,,,,,,,,,,,,,,
2/03/20 14:30,2/03/20 14:31,0,100,25,1,2/03/20 14:31,R_Ut4GgfWY5g3ivgR,anonymous,EN-GB,1,1,,,,,,,,,,,,,,,,,,,,,,,,,,,,,,,,,,,,,,,,,,,,,,
24/02/20 14:47,24/02/20 14:48,0,10,52,0,2/03/20 14:48,R_2YwYfDYBc8ZizsD,anonymous,EN-GB,1,2,1,,,,,,,,,,,,,,,,,,,,,,,,,,,,,,,,,,,,,,,,,,,,,
2/03/20 14:49,2/03/20 14:51,0,100,98,1,2/03/20 14:51,R_1d6ncS3juNYlCC4,anonymous,EN-GB,1,3,2,,,,,,,,,,,,,,,,,,,,,,,,,,,,,,,,,,,,,,,,,,,,,
2/03/20 13:46,2/03/20 19:42,8,100,21407,1,2/03/20 19:58,R_PIAYOzWccuSaFHj,anonymous,EN-GB,1,2,2,,,,,,,,,,,,,,,,,,,,,,,,,,,,,,,,,,,,,,,,,,,,,
24/02/20 20:07,24/02/20 20:08,0,10,57,0,2/03/20 20:08,R_27g6AvmfDv5FGyg,anonymous,EN-GB,1,2,1,,,,,,,,,,,,,,,,,,,,,,,,,,,,,,,,,,,,,,,,,,,,,
2/03/20 14:21,2/03/20 20:11,0,100,20977,1,2/03/20 20:11,R_26aa3J3RfNxK1OO,anonymous,EN-GB,1,3,1,University of Queensland,B Psychological Science,,1,2,Female,9,,9,1,2,4,2,2,2,4,1,4,2,5,5,4,2,4,4,4,3,3,4,2,69,10,35,15,60,15,32,13,92,24,70,2,,,
2/03/20 21:21,2/03/20 21:22,0,100,41,1,2/03/20 21:22,R_1E69YPU7SQ4FMv5,anonymous,EN-GB,1,2,2,,,,,,,,,,,,,,,,,,,,,,,,,,,,,,,,,,,,,,,,,,,,,
3/03/20 0:04,3/03/20 0:04,0,100,17,1,3/03/20 0:04,R_1QaLlcESZrfoGTx,anonymous,EN-GB,2,,,,,,,,,,,,,,,,,,,,,,,,,,,,,,,,,,,,,,,,,,,,,,,
25/02/20 1:28,25/02/20 1:31,0,33,155,0,3/03/20 1:31,R_1oj9rasbtKKEsW6,anonymous,EN-GB,1,2,1,,,,,,,,,,,,,,,,,,,,,,,,,,,,,,,,,,,,,,,,,,,,,
3/03/20 2:49,3/03/20 4:31,0,100,6123,1,3/03/20 4:31,R_2S82EVAM66VAba0,anonymous,EN-GB,1,2,1,The University of Adelaide,Bachelor of Computer Science,,1,1,male,9,,36,1,2,4,3,4,4,2,1,4,4,4,4,4,4,4,4,4,2,4,4,2,80,30,30,20,25,40,60,70,80,40,30,2,,,
3/03/20 13:50,3/03/20 13:51,0,100,52,1,3/03/20 13:51,R_413pSxeBRllsMJX,anonymous,EN-GB,1,2,2,,,,,,,,,,,,,,,,,,,,,,,,,,,,,,,,,,,,,,,,,,,,,
3/03/20 15:50,3/03/20 15:52,0,100,132,1,3/03/20 15:52,R_3nHGkFqQZKvPaMU,anonymous,EN-GB,1,4,2,,,,,,,,,,,,,,,,,,,,,,,,,,,,,,,,,,,,,,,,,,,,,
25/02/20 16:25,25/02/20 16:27,0,33,133,0,3/03/20 16:28,R_3irjxO08RynIVnN,anonymous,EN-GB,1,2,1,Swinburne university of technology ,Bachelor of Psychological Sciences and Bachelor of Criminal Justice and Criminology,,1,1,Female ,9,,9,1,,,,,,,,,,,,,,,,,,,,,,,,,,,,,,,,,,,
25/02/20 16:40,25/02/20 16:42,0,10,126,0,3/03/20 16:42,R_2TmKoAWR1mL2yfV,anonymous,EN-GB,1,3,1,,,,,,,,,,,,,,,,,,,,,,,,,,,,,,,,,,,,,,,,,,,,,
3/03/20 16:41,3/03/20 16:43,0,100,113,1,3/03/20 16:43,R_2YYuPHraoDaKc6d,anonymous,EN-GB,1,2,2,,,,,,,,,,,,,,,,,,,,,,,,,,,,,,,,,,,,,,,,,,,,,
25/02/20 17:03,25/02/20 17:11,0,10,452,0,3/03/20 17:11,R_1mfaHZMP7c5antp,anonymous,EN-GB,1,2,1,,,,,,,,,,,,,,,,,,,,,,,,,,,,,,,,,,,,,,,,,,,,,
25/02/20 16:27,25/02/20 17:12,0,85,2731,0,3/03/20 17:12,R_1g5rIwKdKkmuyed,anonymous,EN-GB,1,3,1,Swinburne,Bachelor of Psychological Science,,1,2,Female,9,,9,2,2,4,4,4,3,3,1,5,1,2,4,1,2,4,4,1,3,3,4,2,,,,,,,,,,,,,,,
25/02/20 17:35,25/02/20 17:38,0,33,155,0,3/03/20 17:38,R_2cjh5FD2UanKJTX,anonymous,EN-GB,1,2,1,The University of Adelaide ,Bachelor of Psychology Advanced (Honours),,1,1,Female,9,,9,1,,,,,,,,,,,,,,,,,,,,,,,,,,,,,,,,,,,
25/02/20 18:00,25/02/20 18:00,0,8,18,0,3/03/20 18:00,R_1eLThY0YjFbj9A2,anonymous,EN-GB,1,2,,,,,,,,,,,,,,,,,,,,,,,,,,,,,,,,,,,,,,,,,,,,,,
25/02/20 17:57,25/02/20 18:15,0,33,1098,0,3/03/20 18:16,R_RaynZN6TxXaG6vD,anonymous,EN-GB,1,2,1,University of Adelaide,Bachelor of Criminology ,,1,2,Female,9,,9,2,,,,,,,,,,,,,,,,,,,,,,,,,,,,,,,,,,,
25/02/20 18:14,25/02/20 18:19,0,85,333,0,3/03/20 18:20,R_2VrqYYvHDiFV4R1,anonymous,EN-GB,1,2,1,Adelaide University ,Bachelor of secondary teaching and bachelor of science ,Chemistry and psychology ,1,1,Female ,9,,9,1,3,4,4,2,5,2,1,5,1,4,5,1,1,5,4,2,5,5,4,2,,,,,,,,,,,,,,,
3/03/20 18:58,3/03/20 18:59,0,100,71,1,3/03/20 18:59,R_3nT6GHa4c8L4t53,anonymous,EN-GB,1,2,2,,,,,,,,,,,,,,,,,,,,,,,,,,,,,,,,,,,,,,,,,,,,,
25/02/20 18:33,25/02/20 19:04,0,85,1901,0,3/03/20 19:05,R_3ly0UBg90pPWHmF,anonymous,EN-GB,1,2,1,The University of Adelaide,Bachelor of Science and Bachelor of Teaching Double Degree,,1,2,Female,9,,9,2,4,5,4,2,4,2,2,5,1,5,5,1,1,5,3,2,3,3,3,3,,,,,,,,,,,,,,,
25/02/20 19:07,25/02/20 19:08,0,10,38,0,3/03/20 19:08,R_yWoyJjS25Z8QK9b,anonymous,EN-GB,1,2,1,,,,,,,,,,,,,,,,,,,,,,,,,,,,,,,,,,,,,,,,,,,,,
25/02/20 20:17,25/02/20 20:19,0,33,110,0,3/03/20 20:20,R_3mePxURdrOVVCpn,anonymous,EN-GB,1,2,1,University of Adelaide.,Bachelor of Psychological Science,Psychology.,1,1,Female.,9,,9,1,,,,,,,,,,,,,,,,,,,,,,,,,,,,,,,,,,,
3/03/20 21:34,3/03/20 21:44,0,100,602,1,3/03/20 21:44,R_u1XlfzsGgG4szfz,anonymous,EN-GB,1,2,1,Adelaide University ,Bachelor of Health and Medical Sciences,,1,1,Female,9,,9,1,1,5,2,1,4,1,1,5,1,3,5,1,3,3,4,1,1,5,5,2,80,85,15,5,90,30,80,0,0,75,15,2,,,no
25/02/20 22:02,25/02/20 22:05,0,33,196,0,3/03/20 22:05,R_3ET2GEAuV8Lf4OK,anonymous,EN-GB,1,2,1,UQ,Bachelor of Physiotherapy,"Biology, Anatomy, Psychology, Physiotherapy",1,2,male,9,,9,1,,,,,,,,,,,,,,,,,,,,,,,,,,,,,,,,,,,
25/02/20 22:24,25/02/20 22:27,0,33,136,0,3/03/20 22:27,R_XNwDCgL6Jjjt5lv,anonymous,EN-GB,1,2,1,University of Adelaide ,Bachelor of Science (Animal Behaviour),,1,1,Female ,9,,9,2,,,,,,,,,,,,,,,,,,,,,,,,,,,,,,,,,,,
25/02/20 22:25,25/02/20 22:30,0,85,284,0,3/03/20 22:31,R_2ONkBVBSfQGUvLZ,anonymous,EN-GB,1,2,1,university of adelaide,Bachelor of psychological science,,1,2,female,9,,9,1,3,5,4,3,3,4,1,4,2,3,5,1,2,5,4,2,4,3,5,2,,,,,,,,,,,,,,,
25/02/20 23:21,25/02/20 23:21,0,8,16,0,3/03/20 23:21,R_0oXNRySVcqysISJ,anonymous,EN-GB,1,2,,,,,,,,,,,,,,,,,,,,,,,,,,,,,,,,,,,,,,,,,,,,,,
25/02/20 23:32,25/02/20 23:41,0,33,534,0,3/03/20 23:41,R_31MWoa4biEMYbVW,anonymous,EN-GB,1,2,1,University of Adelaide,Bachelor of Psychology,,1,2,Male ,9,,9,2,,,,,,,,,,,,,,,,,,,,,,,,,,,,,,,,,,,
25/02/20 23:24,26/02/20 0:43,0,88,4712,0,4/03/20 0:43,R_2azS7K8yNakHCgK,anonymous,EN-GB,1,2,1,The University of Adelaide ,Bachelor of Arts,German and Spanish,1,1,Female,9,,9,2,2,5,5,1,5,1,1,5,1,5,5,1,1,5,5,1,2,4,5,3,50,80,0,0,100,0,75,30,30,50,,,,,
26/02/20 0:54,26/02/20 0:54,0,10,24,0,4/03/20 0:54,R_1HpG4rMgbWiwF3R,anonymous,EN-GB,1,2,1,,,,,,,,,,,,,,,,,,,,,,,,,,,,,,,,,,,,,,,,,,,,,
26/02/20 1:39,26/02/20 1:40,0,10,70,0,4/03/20 1:41,R_3fw2kjyTjoyGo90,anonymous,EN-GB,1,2,1,,,,,,,,,,,,,,,,,,,,,,,,,,,,,,,,,,,,,,,,,,,,,
26/02/20 2:20,26/02/20 2:21,0,33,84,0,4/03/20 2:22,R_1mOWfGE7HfO7eAI,anonymous,EN-GB,1,2,1,Adelaide University ,Bachelor of Psychological Science,,1,1,Female,9,,9,1,,,,,,,,,,,,,,,,,,,,,,,,,,,,,,,,,,,
4/03/20 2:51,4/03/20 3:02,0,100,680,1,4/03/20 3:02,R_XLZezIX9OZPuIh3,anonymous,EN-GB,1,2,3,,,,,,,,,,,,,,,,,,,,,,,,,,,,,,,,,,,,,,,,,,,,,
26/02/20 2:56,26/02/20 4:02,8,10,3934,0,4/03/20 4:02,R_2OW8lPhdYlNghhD,anonymous,EN-GB,1,2,1,,,,,,,,,,,,,,,,,,,,,,,,,,,,,,,,,,,,,,,,,,,,,
26/02/20 7:27,26/02/20 7:31,0,33,244,0,4/03/20 7:32,R_2VyHHVfWok8n4Ju,anonymous,EN-GB,1,2,1,University of Adelaide,Bachelor of Psychological Science,Computer Science,2,1,Male,9,,9,2,,,,,,,,,,,,,,,,,,,,,,,,,,,,,,,,,,,
26/02/20 9:53,26/02/20 9:53,0,10,31,0,4/03/20 9:54,R_24oP95g6K1RYJdK,anonymous,EN-GB,1,2,1,,,,,,,,,,,,,,,,,,,,,,,,,,,,,,,,,,,,,,,,,,,,,
26/02/20 11:37,26/02/20 11:38,0,33,71,0,4/03/20 11:39,R_z8bEfuXXrbPKuKR,anonymous,EN-GB,1,2,1,Adelaide uni,Bachelor of psychological science,,1,1,Female,9,,9,2,,,,,,,,,,,,,,,,,,,,,,,,,,,,,,,,,,,
4/03/20 12:16,4/03/20 12:30,0,100,856,1,4/03/20 12:30,R_2f3UOlH0ItdVT13,anonymous,EN-GB,1,2,1,University of Adelaide,Bachelor of Psychological Science,,1,1,Male,9,,9,1,1,5,4,2,5,3,2,5,1,4,4,1,1,4,3,4,1,4,4,2,30,77,70,34,24,4,25,13,82,49,35,1,The crisis in causes by the difficulty of replicating a scientific study,"Medicine, health sciences",
23/02/20 3:13,26/02/20 12:58,0,33,294308,0,4/03/20 12:58,R_2DNzbwk6sIxpPdC,anonymous,EN-GB,1,2,1,University of Queensland ,Bachelor of Social Work ,blank ,1,2,Female ,9,,123,1,,,,,,,,,,,,,,,,,,,,,,,,,,,,,,,,,,,
26/02/20 13:54,26/02/20 13:55,0,10,90,0,4/03/20 13:55,R_2bTu4GxKqCgcRjr,anonymous,EN-GB,1,2,1,,,,,,,,,,,,,,,,,,,,,,,,,,,,,,,,,,,,,,,,,,,,,
26/02/20 14:17,26/02/20 14:19,0,33,151,0,4/03/20 14:19,R_ukS84BFXBEntOP7,anonymous,EN-GB,1,2,1,University of Adelaide,Bachelor of Psychological Science,Psychology,1,2,Female,9,,9,1,,,,,,,,,,,,,,,,,,,,,,,,,,,,,,,,,,,
26/02/20 14:11,26/02/20 14:20,0,85,537,0,4/03/20 14:20,R_VKbpzjT68CGDiiB,anonymous,EN-GB,1,2,1,University of Adelaide,Bachelor of Arts,Psychology,1,2,Female,9,,79,1,2,4,2,5,4,5,1,5,1,2,5,1,2,4,3,2,3,4,3,4,,,,,,,,,,,,,,,
26/02/20 14:53,26/02/20 15:00,0,85,381,0,4/03/20 15:00,R_3jWceZm7GVrOahH,anonymous,EN-GB,1,4,1,Adelaide University,Bachelor of Arts,Criminology and Psychology,1,2,female,9,,9,1,1,5,5,1,1,5,1,5,1,5,5,1,3,3,5,1,5,1,3,3,,,,,,,,,,,,,,,
26/02/20 15:03,26/02/20 15:04,0,33,79,0,4/03/20 15:05,R_2c776GIuUqWNuXS,anonymous,EN-GB,1,2,1,university of adelaide,bachelor of finance,,1,2,male,9,,156,1,,,,,,,,,,,,,,,,,,,,,,,,,,,,,,,,,,,
26/02/20 15:48,26/02/20 15:51,0,33,197,0,4/03/20 15:52,R_1JR6ASwjLGcWcxS,anonymous,EN-GB,1,2,1,University of Adelaide ,Bachelor of criminology ,,1,2,Female,9,,9,,,,,,,,,,,,,,,,,,,,,,,,,,,,,,,,,,,,
26/02/20 17:13,26/02/20 17:28,0,8,886,0,4/03/20 17:28,R_27TodDgqhFi5nKM,anonymous,EN-GB,1,2,,,,,,,,,,,,,,,,,,,,,,,,,,,,,,,,,,,,,,,,,,,,,,
26/02/20 19:12,26/02/20 19:14,0,33,141,0,4/03/20 19:14,R_Ab90anpd84ymQ93,anonymous,EN-GB,1,2,1,University of Adelaide,Bachelor of Criminolgy,psychology,1,1,female,9,,9,1,,,,,,,,,,,,,,,,,,,,,,,,,,,,,,,,,,,
26/02/20 19:38,26/02/20 19:44,0,33,368,0,4/03/20 19:45,R_3hlvTJjlOmA6r57,anonymous,EN-GB,1,2,1,adelaide university ,"Bachelor of health and medical science, psychological science combine with bachelor of laws",psychological science and law,1,2,female ,9,,9,1,,,,,,,,,,,,,,,,,,,,,,,,,,,,,,,,,,,
26/02/20 20:41,26/02/20 20:44,0,10,158,0,4/03/20 20:44,R_1NxJqHCaSZN9bdw,anonymous,EN-GB,1,2,1,,,,,,,,,,,,,,,,,,,,,,,,,,,,,,,,,,,,,,,,,,,,,
4/03/20 22:19,4/03/20 22:20,0,100,79,1,4/03/20 22:20,R_Tcr450BD6wh99ap,anonymous,EN-GB,1,2,2,,,,,,,,,,,,,,,,,,,,,,,,,,,,,,,,,,,,,,,,,,,,,
27/02/20 0:11,27/02/20 0:17,0,85,353,0,5/03/20 0:17,R_2qCdQ6quCZtWepS,anonymous,EN-GB,1,2,1,The University of Adelaide,Bachelor of Psychology Honours ,,1,2,Female,9,,9,1,1,5,5,2,4,2,5,5,1,5,4,2,4,2,4,2,4,5,5,3,,,,,,,,,,,,,,,
27/02/20 14:13,27/02/20 14:14,0,33,102,0,5/03/20 14:14,R_3EsyfCQbiq9Othi,anonymous,EN-GB,1,2,1,University of Adelaide,Bachelor of Psychology (Advanced),,1,1,Female,9,,9,1,,,,,,,,,,,,,,,,,,,,,,,,,,,,,,,,,,,
27/02/20 15:03,27/02/20 15:06,0,33,174,0,5/03/20 15:06,R_3QLYy0AfS16e6kV,anonymous,EN-GB,1,2,1,The University of Adelaide,Bachelor of Teaching with Bachelor of Arts ,Psychology ,1,1,Female,9,,9,1,,,,,,,,,,,,,,,,,,,,,,,,,,,,,,,,,,,
5/03/20 19:58,5/03/20 20:07,0,100,562,1,5/03/20 20:07,R_2xFxeWxDe3hS7Bg,anonymous,EN-GB,1,3,1,Swinburne,Bachelor of Aviation,"Aviation Technology, Aviation Management",1,1,Gender no longer has a place in modern society. Sex is male.,9,,9,2,4,4,3,2,1,5,1,5,1,5,5,1,3,3,5,1,4,2,5,1,81,25,0,0,100,50,100,80,90,100,36,2,,,
27/02/20 20:18,27/02/20 20:22,0,33,243,0,5/03/20 20:23,R_ZDXrG2NcNeiMuk1,anonymous,EN-GB,1,4,1,Swinburne,Bachelor of Psychology,,2,2,Female,9,,9,1,,,,,,,,,,,,,,,,,,,,,,,,,,,,,,,,,,,
27/02/20 21:14,27/02/20 21:16,0,33,158,0,5/03/20 21:17,R_DH4d23ZDUt7IBwJ,anonymous,EN-GB,1,2,1,Adelaide University,Health and Medical Sciences,,1,1,Female,9,,9,1,,,,,,,,,,,,,,,,,,,,,,,,,,,,,,,,,,,
27/02/20 22:02,27/02/20 22:02,0,10,36,0,5/03/20 22:03,R_1E6F82ESQJXiFAl,anonymous,EN-GB,1,2,1,,,,,,,,,,,,,,,,,,,,,,,,,,,,,,,,,,,,,,,,,,,,,
27/02/20 22:15,27/02/20 22:23,0,85,454,0,5/03/20 22:23,R_3iExAC996xO88HP,anonymous,EN-GB,1,2,1,University of Adelaide ,Bachelor of Arts,Psychology ,1,2,Female,9,,130,1,2,5,4,3,2,4,3,5,1,4,1,2,2,4,5,2,1,2,4,3,,,,,,,,,,,,,,,
25/02/20 2:36,28/02/20 14:11,0,33,300854,0,6/03/20 14:12,R_2pPmACH3L0cQ08B,anonymous,EN-GB,1,2,1,University of Queensland,Bachelor of Arts and Diploma in Languages,"Psychology Extended Major and Philosophy, Spanish",1,2,Female,9,,9,2,,,,,,,,,,,,,,,,,,,,,,,,,,,,,,,,,,,
6/03/20 20:41,6/03/20 20:42,0,100,66,1,6/03/20 20:42,R_1DI15o8TCpo7Uu0,anonymous,EN-GB,1,4,2,,,,,,,,,,,,,,,,,,,,,,,,,,,,,,,,,,,,,,,,,,,,,
29/02/20 23:11,29/02/20 23:15,0,33,239,0,7/03/20 23:16,R_2CUEvhEC1hWXUDX,anonymous,EN-GB,1,2,1,University of Adelaide,Bachelor of Science,Animal Behaviour,1,2,Female,9,,9,1,,,,,,,,,,,,,,,,,,,,,,,,,,,,,,,,,,,
8/03/20 14:43,8/03/20 15:09,0,100,1560,1,8/03/20 15:10,R_CeRvGh3OUCxzLep,anonymous,EN-GB,1,2,2,,,,,,,,,,,,,,,,,,,,,,,,,,,,,,,,,,,,,,,,,,,,,
1/03/20 16:06,1/03/20 16:08,0,33,90,0,8/03/20 16:08,R_2BbAFWHQNcsPJ62,anonymous,EN-GB,1,3,1,University of Adelaide ,Bachelor of heath and medical science ,Medical science ,1,2,Female ,9,,9,2,,,,,,,,,,,,,,,,,,,,,,,,,,,,,,,,,,,
1/03/20 16:10,1/03/20 16:11,0,8,54,0,8/03/20 16:12,R_51QOgNUNz71Vmed,anonymous,EN-GB,1,3,,,,,,,,,,,,,,,,,,,,,,,,,,,,,,,,,,,,,,,,,,,,,,
1/03/20 22:46,1/03/20 22:49,0,33,148,0,8/03/20 22:49,R_cVgP6TwJ7ckGVZn,anonymous,EN-GB,1,2,1,Adelaide university,Bachelor of Health and Medical Sciences (Advanced),Neuroscience,1,2,Female,9,,9,2,,,,,,,,,,,,,,,,,,,,,,,,,,,,,,,,,,,
2/03/20 0:02,2/03/20 0:03,0,10,69,0,9/03/20 0:03,R_1eDmWAO0VJvF9W5,anonymous,EN-GB,1,3,1,,,,,,,,,,,,,,,,,,,,,,,,,,,,,,,,,,,,,,,,,,,,,
2/03/20 14:48,2/03/20 14:49,0,8,25,0,9/03/20 14:49,R_3hDs9acn4jFu0IC,anonymous,EN-GB,1,2,,,,,,,,,,,,,,,,,,,,,,,,,,,,,,,,,,,,,,,,,,,,,,
26/02/20 13:38,2/03/20 15:16,0,33,437904,0,9/03/20 15:16,R_XIl7mPFGJzClFtL,anonymous,EN-GB,1,2,1,The University of Adelaide,Bachelor of Criminology,Psychology,1,1,Female,9,,9,2,,,,,,,,,,,,,,,,,,,,,,,,,,,,,,,,,,,
2/03/20 20:19,2/03/20 20:49,0,85,1809,0,9/03/20 20:50,R_1FQaTrqV4krhksc,anonymous,EN-GB,1,2,1,the university of adelaide,bachelor of psychological science,,1,1,female,9,,185,2,2,4,4,3,2,4,1,5,4,5,4,1,2,4,4,2,3,3,3,3,,,,,,,,,,,,,,,
2/03/20 22:53,2/03/20 22:55,0,33,132,0,9/03/20 22:55,R_3jSxkhOHrmHUHoK,anonymous,EN-GB,1,2,1,Adelaide,Bachelor of Law,,1,1,Male,9,,104,1,,,,,,,,,,,,,,,,,,,,,,,,,,,,,,,,,,,
10/03/20 12:02,10/03/20 12:04,0,100,137,1,10/03/20 12:04,R_2axnhM5zb4VmXPA,anonymous,EN-GB,1,4,2,,,,,,,,,,,,,,,,,,,,,,,,,,,,,,,,,,,,,,,,,,,,,
3/03/20 23:54,4/03/20 0:03,0,85,540,0,11/03/20 0:03,R_2z8CGhGRPOBD657,anonymous,EN-GB,1,5,1,Swinburne UofT,BA-PSY,,1,2,Female,9,,9,2,4,4,4,3,4,2,2,4,2,3,4,2,2,4,3,3,2,2,4,3,,,,,,,,,,,,,,,
14/03/20 12:43,14/03/20 12:46,0,100,125,1,14/03/20 12:46,R_2sZRNGyGJQ85g9o,anonymous,EN-GB,1,3,2,,,,,,,,,,,,,,,,,,,,,,,,,,,,,,,,,,,,,,,,,,,,,
16/03/20 18:28,16/03/20 18:30,0,100,141,1,16/03/20 18:30,R_x9kZTBQcN1sAjXr,anonymous,EN-GB,1,3,3,,,,,,,,,,,,,,,,,,,,,,,,,,,,,,,,,,,,,,,,,,,,,
10/03/20 0:13,10/03/20 0:14,0,33,67,0,17/03/20 0:14,R_239UdHcNIs9sdjE,anonymous,EN-GB,1,2,1,Swinburne,Bachelor of Communication Design,Psychology,1,1,Female,9,,9,1,,,,,,,,,,,,,,,,,,,,,,,,,,,,,,,,,,,
16/03/20 13:44,16/03/20 14:56,0,33,4314,0,23/03/20 14:57,R_2ykGwSfyZPltXuC,anonymous,EN-GB,1,3,1,Swinburne,Bachelor of Arts (Psychology) ,Psychology ,1,2,Female,9,,9,2,,,,,,,,,,,,,,,,,,,,,,,,,,,,,,,,,,,
22/05/20 9:53,22/05/20 9:54,1,100,43,1,22/05/20 9:54,R_3hmOuKF4kbYHwGs,preview,EN-GB,1,2,1,,,,,,,,,,,,,,,,,,,,,,,,,,,,,,,,,,,,,,,,,,,,,
23/05/20 13:42,23/05/20 13:43,0,100,29,1,23/05/20 13:43,R_5bugUrmqdrzU6Bj,anonymous,EN-GB,1,4,3,,,,,,,,,,,,,,,,,,,,,,,,,,,,,,,,,,,,,,,,,,,,,
23/05/20 13:43,23/05/20 13:44,0,33,73,0,30/05/20 13:44,R_pDxR3JXhs6AiCml,anonymous,EN-GB,1,3,1,-,-,-,1,2,-,10,,17,1,,,,,,,,,,,,,,,,,,,,,,,,,,,,,,,,,,,
19/08/20 8:09,19/08/20 8:09,0,100,27,1,19/08/20 8:09,R_1Lj28YqIszcEKkM,anonymous,EN-GB,1,3,3,,,,,,,,,,,,,,,,,,,,,,,,,,,,,,,,,,,,,,,,,,,,,
2/09/20 2:47,2/09/20 2:53,0,100,362,1,2/09/20 2:53,R_2tKaZO7CuaePsEM,anonymous,EN-GB,1,2,1,Haverford College,,Biology ,1,1,Female,187,,187,1,2,4,5,2,4,2,2,4,2,4,5,1,1,5,4,2,4,2,4,2,52,91,25,12,98,4,48,50,91,91,73,2,,,
2/09/20 2:58,2/09/20 3:08,0,100,584,1,2/09/20 3:08,R_3Ue184T5SoMKIlr,anonymous,EN-GB,1,2,1,Haverford College,Bachelor's degree,,1,2,Male,187,,187,1,5,2,3,2,4,3,1,5,1,1,5,1,2,4,5,2,4,2,5,2,31,72,6,6,96,50,51,22,28,85,75,2,,,
2/09/20 5:15,2/09/20 5:27,0,100,747,1,2/09/20 5:27,R_1dv66Iv99YZkb2a,anonymous,EN-GB,1,2,1,Haverford College,Bachelor of Arts,,1,2,female,187,,187,1,3,5,5,2,4,2,5,5,1,4,5,1,2,5,3,2,5,2,5,3,25,60,72,31,60,30,14,6,32,13,3,1,When we do not replicate experiments enough to say that the hypothesis is supported.,"medicine, psychology, ",
2/09/20 6:54,2/09/20 6:55,0,100,52,1,2/09/20 6:55,R_2rIoPrgmQdNUVRI,anonymous,EN-GB,1,2,4,,,,,,,,,,,,,,,,,,,,,,,,,,,,,,,,,,,,,,,,,,,,,
25/09/20 10:32,25/09/20 10:40,0,100,492,1,25/09/20 10:40,R_126eg3kxa3uQKmC,anonymous,EN-GB,1,2,1,university of bath ,bachelor of science ,psychology ,1,1,female,185,,78,1,3,5,4,4,3,3,4,5,4,4,4,2,2,4,4,2,3,2,4,3,60,52,80,84,67,80,65,35,70,75,65,1,the growing belief that the results of many scientific studies cannot be reproduced and are thus likely to be wrong,,
25/09/20 10:32,25/09/20 10:43,0,100,634,1,25/09/20 10:43,R_3n3hJ73qCVSTGsd,anonymous,EN-GB,1,2,1,The University of Bath,Bachelor of Science ,Psychology,1,1,Female,185,,78,1,2,5,4,2,4,2,1,5,1,5,5,1,2,4,4,1,4,2,4,2,30,40,55,30,76,9,11,5,18,15,35,1,"The replication crisis refers to the current problem wherein old researches and experiments published in papers are difficult to replicate . As such, it is hard for future researchers to determine whether the obtained results of the original research are still valid today/at all.","I believe Psychology is one of the most affected disciplines, along with medicine.",
25/09/20 10:35,25/09/20 10:43,0,100,489,1,25/09/20 10:43,R_3projH87P0fk5fu,anonymous,EN-GB,1,2,1,University of Bath,Bachelor of Science ,Psychology ,1,1,Female,185,,185,1,2,2,5,1,2,4,1,5,1,5,5,1,2,5,4,2,1,5,5,4,67,21,35,45,85,41,75,7,32,49,60,2,,,
25/09/20 10:33,25/09/20 10:48,0,100,922,1,25/09/20 10:48,R_3fGEIb40LasRMmj,anonymous,EN-GB,1,2,1,University of Bath,BSc Hons psychology ,,1,1,Female,185,,185,1,1,5,4,4,4,2,1,5,1,4,5,1,1,5,3,4,4,2,5,1,22,78,28,19,72,36,26,53,65,35,40,2,,,
25/09/20 10:36,25/09/20 10:49,0,100,778,1,25/09/20 10:49,R_1LIttIu9SAEMJ0V,anonymous,EN-GB,1,2,1,University of Bath,BSc,Psychology,1,1,Non-binary,185,,185,1,1,5,1,4,1,5,1,5,2,4,5,1,1,5,5,1,2,4,5,1,56,0,12,2,95,5,98,10,65,30,11,1,Many studies done in the past are impossible to replicate now,Social sciences,
25/09/20 10:51,25/09/20 10:52,0,100,14,1,25/09/20 10:52,R_3EZpRkzInUjYEEt,anonymous,EN-GB,1,1,,,,,,,,,,,,,,,,,,,,,,,,,,,,,,,,,,,,,,,,,,,,,,
25/09/20 10:58,25/09/20 11:04,0,100,359,1,25/09/20 11:04,R_1HbkjvUORK9DhsC,anonymous,EN-GB,1,2,1,University of Bath,BSc Psychology,,1,2,Female,185,,185,1,2,4,5,3,2,4,2,5,1,5,5,1,2,4,4,2,1,5,5,3,35,20,3,3,95,10,75,0,0,40,75,2,,,
25/09/20 12:30,25/09/20 12:37,0,100,430,1,25/09/20 12:37,R_3qHbnZWYvRglkUp,anonymous,EN-GB,1,2,1,University of Bath ,Bachelor of Science ,Psychology ,1,1,Female ,185,,185,1,4,3,5,1,1,5,1,3,1,4,5,1,2,1,5,1,5,1,5,3,27,22,53,43,73,24,37,67,50,21,77,2,,,N/A
25/09/20 14:43,25/09/20 14:52,0,100,514,1,25/09/20 14:52,R_1i9vR74o2ilxhgZ,anonymous,EN-GB,1,2,1,University of Bath,Bsc (hons) Psychology ,Psychology ,1,1,Female,185,,75,2,2,4,5,3,5,2,2,4,3,4,5,2,1,5,4,3,1,5,4,3,20,80,50,90,90,40,45,5,65,45,75,2,,,
25/09/20 18:45,25/09/20 19:25,0,100,2416,1,25/09/20 19:25,R_1hXsa0uXziJvfxW,anonymous,EN-GB,1,2,1,University of Bath,MSci ,Psychology,1,1,Female,185,,121,1,2,4,4,4,4,2,1,5,3,4,5,2,1,5,4,4,4,3,3,3,30,70,40,50,60,20,50,70,60,30,70,2,,,
25/09/20 19:58,25/09/20 20:09,0,100,602,1,25/09/20 20:09,R_2dM8fVAhm7jdrLi,anonymous,EN-GB,1,2,1,University of Bath,Bachelor of Science,Psychology,1,1,Female,185,,140,1,1,4,5,1,5,2,1,3,1,4,5,1,1,5,3,3,2,4,4,3,52,71,9,5,85,41,61,0,50,30,40,2,,,
25/09/20 20:06,25/09/20 20:13,0,100,439,1,25/09/20 20:13,R_3lMlG0e7ZJqTS40,anonymous,EN-GB,1,2,1,University of Bath,Bachelor of Science Psychology,Psychology,1,1,Female,185,,185,1,2,4,5,2,2,5,1,5,1,5,5,2,2,4,3,3,1,5,3,4,50,10,30,10,95,2,15,0,95,35,60,1,Results from studies not being able to be replicated,psychology,
25/09/20 20:32,25/09/20 20:40,0,100,511,1,25/09/20 20:40,R_3mZQynILbBH630U,anonymous,EN-GB,1,2,1,University of Bath,Bachelor of Science,,1,1,Female,185,,185,1,2,5,4,4,4,2,4,2,3,4,5,1,1,5,4,2,3,3,3,3,70,78,90,86,74,25,31,34,78,24,30,2,,,
25/09/20 20:35,25/09/20 20:44,0,100,571,1,25/09/20 20:44,R_2f8rsmnjvD8Y6W7,anonymous,EN-GB,1,2,1,Bath University ,Bachelor of Science ,Psychology ,1,1,Female ,185,,185,,4,4,5,2,4,2,2,5,1,4,5,1,2,4,4,2,2,4,4,2,40,70,10,0,100,30,22,6,15,30,65,1,When results do not match an orignal study,Psychology ,
25/09/20 20:27,25/09/20 20:58,0,100,1875,1,25/09/20 20:58,R_33CFfAJJIPvDMaL,anonymous,EN-GB,1,2,1,University of Bath,Bachelor of Science,Psychology,1,2,Female,185,,75,1,4,5,4,2,2,4,2,3,3,5,4,4,1,5,4,4,1,5,2,1,70,65,80,60,70,45,70,40,45,50,40,2,,,
25/09/20 21:04,25/09/20 21:14,0,100,575,1,25/09/20 21:14,R_2EuBo4I6i3eoupq,anonymous,EN-GB,1,2,1,University of Bath,BSci,Psychology ,1,2,Female,185,,75,1,4,5,5,5,5,4,2,4,2,2,5,3,2,4,4,3,4,4,4,2,70,100,40,21,95,11,64,59,61,70,80,2,,,
25/09/20 21:12,25/09/20 21:18,0,100,316,1,25/09/20 21:18,R_w0iFeC7hdkpdx6h,anonymous,EN-GB,1,2,1,University of Bath ,Bachelor of science ,Psychology ,1,1,Female ,185,,185,2,2,4,5,4,5,5,1,4,1,2,5,1,1,5,3,4,2,4,3,3,69,86,44,62,67,24,53,59,51,52,55,2,,,
25/09/20 21:08,25/09/20 21:21,0,100,818,1,25/09/20 21:21,R_4NPa8ZzlySqEDG9,anonymous,EN-GB,1,2,1,University of Bath,MSci,Psychology,1,1,Female,185,,185,1,4,4,3,4,4,4,1,5,1,4,5,1,1,5,4,1,3,5,4,3,60,50,20,9,80,40,30,30,60,70,50,2,,,
25/09/20 22:07,25/09/20 22:20,0,100,807,1,25/09/20 22:20,R_1eY8f9IU1gnZxEm,anonymous,EN-GB,1,2,1,University of Bath,Bachelor of Science,Psychology,1,1,Female,185,,185,1,3,4,4,3,4,3,1,5,1,4,1,1,1,4,4,2,4,2,4,3,62,73,30,20,8,20,80,62,83,61,50,1,"When certain studies are more difficult to replicate, due to varying environmental factors and circumstances.","Psychology, Sociology (most social sciences)",
25/09/20 22:53,25/09/20 23:09,0,100,941,1,25/09/20 23:09,R_2Xc9RDivIIpgZCZ,anonymous,EN-GB,1,2,1,University of Bath,BSC psychology with placement year,Psychology,1,1,Female,185,,185,1,2,5,4,4,2,4,2,4,1,4,5,1,2,4,4,2,3,3,4,2,20,20,70,40,50,5,7,5,60,8,35,2,,,
25/09/20 22:59,25/09/20 23:13,0,100,870,1,25/09/20 23:13,R_dbZk4qfBUEQABC9,anonymous,EN-GB,1,2,1,University of Bath,BSC,,1,2,Male,185,,185,2,2,5,5,4,4,2,1,5,1,4,5,1,1,5,3,3,4,2,4,2,68,81,17,62,35,36,52,41,63,47,50,2,,,
25/09/20 23:47,25/09/20 23:55,0,100,459,1,25/09/20 23:55,R_sheTNx45ii9qgzT,anonymous,EN-GB,1,2,1,University of Bath,Bachelor of Science,,1,1,Female,185,,185,1,2,5,5,5,2,5,1,5,1,4,5,1,1,5,3,3,2,4,4,2,72,90,0,0,100,0,50,0,90,100,60,2,,,
25/09/20 23:52,26/09/20 0:09,0,100,1031,1,26/09/20 0:09,R_20TYD1hYlnJLxmU,anonymous,EN-GB,1,2,1,University of Bath,Bachelor of Science ,Psychology ,1,1,Female ,185,,78,1,4,4,2,5,3,5,2,3,1,4,4,1,2,3,4,2,2,3,4,2,50,80,20,10,65,20,55,30,45,45,50,2,,,
26/09/20 0:47,26/09/20 0:59,0,100,738,1,26/09/20 0:59,R_vYJFFyWxXnu73up,anonymous,EN-GB,1,2,1,The University of Bath,BSc in Psychology,Psychology,1,1,Female,185,,185,1,2,5,5,3,1,5,1,5,1,5,5,1,1,5,3,3,1,4,3,2,4,36,38,34,92,9,68,17,91,39,66,1,When scientific studies are found to be very difficult of near impossible to replicate.,Social sciences,
26/09/20 2:54,26/09/20 2:56,0,100,95,1,26/09/20 2:56,R_3qOP4G8ot0esVji,anonymous,EN-GB,1,2,2,,,,,,,,,,,,,,,,,,,,,,,,,,,,,,,,,,,,,,,,,,,,,
26/09/20 2:50,26/09/20 3:05,0,100,899,1,26/09/20 3:05,R_1ezyA0qLIWPBZS4,anonymous,EN-GB,1,2,1,University of Bath,Bachelor of Science,,1,1,female,185,,185,2,2,4,4,2,5,4,1,5,1,4,5,1,2,2,4,1,1,4,5,2,70,70,55,40,85,50,40,5,50,55,75,2,,,
26/09/20 5:17,26/09/20 5:29,0,100,736,1,26/09/20 5:29,R_3COODqbp0mwJF65,anonymous,EN-GB,1,2,1,University of Bath,Undergraduate Master's Degree,Psychology,1,1,Female,185,,185,2,4,4,2,4,4,2,1,5,1,5,5,1,1,5,4,2,3,2,4,2,20,20,10,30,90,1,80,30,65,90,65,2,,,
26/09/20 5:08,26/09/20 5:53,0,100,2732,1,26/09/20 5:53,R_29nUtZ0gbZJgVQC,anonymous,EN-GB,1,2,1,Bath University,Bachelor of Science ,Psychology,1,1,Female,185,,185,1,4,5,5,1,2,4,2,4,1,4,4,1,1,5,4,2,2,5,5,2,20,25,30,10,90,5,80,30,45,40,73,2,,,
26/09/20 4:44,26/09/20 5:55,0,100,4207,1,26/09/20 5:55,R_DjKpSTkEEQYbwFr,anonymous,EN-GB,1,2,1,University of Bath,Psychology Bsci ,,1,1,Male,185,,82,1,1,5,1,2,5,4,1,5,1,5,5,1,1,5,5,1,2,4,4,4,15,10,25,10,95,20,95,75,80,40,72,2,,,There was a lack of range available in the Strongly Agree to Strongly Disagree section
26/09/20 5:33,26/09/20 6:44,0,100,4270,1,26/09/20 6:44,R_V1DwuvbYMkMsR8d,anonymous,EN-GB,1,2,1,University of Bath,Bachelor of Science,Psychology,1,1,Female,185,,140,1,2,4,4,1,4,2,2,4,1,2,5,1,2,5,4,2,2,4,4,2,55,40,60,55,30,35,50,25,60,30,35,1,An ongoing problem within the academic disciplines in which an increasing number of psychological research are failed to be replicated in the present,"Psychology, Economics, Medicine",
26/09/20 21:52,26/09/20 21:53,0,100,70,1,26/09/20 21:53,R_bp9mITmujxJoc2l,anonymous,EN-GB,1,2,2,,,,,,,,,,,,,,,,,,,,,,,,,,,,,,,,,,,,,,,,,,,,,
26/09/20 22:34,26/09/20 22:41,0,100,417,1,26/09/20 22:41,R_2zkEZWl4wOZdvcz,anonymous,EN-GB,1,2,1,University of Bath,Bachelor of Science,Psychology,1,2,Female,185,,78,1,2,4,5,2,4,2,1,5,1,4,5,1,2,5,4,3,4,5,3,2,30,70,5,15,90,25,60,68,3,55,40,2,,,
26/09/20 22:28,26/09/20 22:48,0,100,1156,1,26/09/20 22:48,R_2ZDNixzrV1ALW6J,anonymous,EN-GB,1,2,1,University of Bath,Bachelor of science ,Psychology ,1,1,Female,185,,185,1,2,4,2,2,2,5,1,5,1,4,5,1,1,5,4,3,2,4,4,2,40,49,20,32,60,22,59,25,71,48,54,2,,,
26/09/20 22:48,26/09/20 22:57,0,100,563,1,26/09/20 22:57,R_2YWEWR6XLINxTlu,anonymous,EN-GB,1,2,1,University of Bath,Bachelor of Science ,Psychology,1,1,Female,185,,185,1,2,4,4,3,2,4,2,5,2,4,4,2,2,4,4,3,3,3,4,2,50,62,32,40,93,39,75,40,70,81,66,2,,,
26/09/20 22:53,26/09/20 23:05,0,100,752,1,26/09/20 23:05,R_1l6uoDRgE4K58FL,anonymous,EN-GB,1,2,1,University of Bath,Bsc psychology ,Psychology,1,1,Female,185,,75,2,2,4,5,2,4,2,4,4,5,5,5,1,1,5,4,3,5,5,3,3,20,80,70,40,90,50,60,50,5,60,57,2,,,
26/09/20 23:46,27/09/20 0:01,0,100,907,1,27/09/20 0:01,R_3kBw47aMkqs42iZ,anonymous,EN-GB,1,2,1,University of Bath,Psychology BSc with placement year,Psychology,1,1,Female,185,,185,1,3,4,5,4,2,4,1,4,1,4,5,2,1,5,4,2,3,3,4,2,40,48,68,19,85,23,55,15,87,60,39,2,,,
27/09/20 1:02,27/09/20 1:19,0,100,1019,1,27/09/20 1:19,R_2Ysohe0310NoS3l,anonymous,EN-GB,1,2,1,Batj,BSc,psychology ,1,1,f,185,,75,1,2,5,5,5,5,2,5,4,4,4,5,2,4,5,5,2,5,5,2,5,82,60,77,12,69,13,12,66,26,24,,1,only same results being published,intergrity,
26/09/20 23:57,27/09/20 1:31,0,100,5632,1,27/09/20 1:31,R_2zBxnpEo51kCiDf,anonymous,EN-GB,1,2,1,University of Bath,Bachelor of Science (Honours),Psychology,1,1,Male,185,,75,1,4,4,4,2,2,4,2,5,1,5,5,1,3,4,5,3,2,4,3,3,58,71,31,18,87,39,95,18,54,66,60,1,The crisis where most studies were unable to be replicated when researchers decided to replicate previously done studies.,psychology and sociology,
27/09/20 3:37,27/09/20 3:48,0,100,699,1,27/09/20 3:48,R_2xJzOKRLlj7oIEl,anonymous,EN-GB,1,2,1,University of Bath,Bachelor of Science,Psychology,1,2,Female,185,,67,1,2,5,4,3,2,4,2,5,1,3,5,1,1,5,4,4,3,2,4,1,35,10,64,5,45,36,81,69,70,74,60,2,,,
27/09/20 3:49,27/09/20 4:10,0,100,1310,1,27/09/20 4:10,R_1rigeTj4JPq3WU9,anonymous,EN-GB,1,2,1,University of Bath,BSc with placement year,,1,1,Female,185,,185,1,1,4,5,2,3,3,1,4,2,5,5,1,2,4,5,1,1,5,5,1,60,40,62,63,68,48,38,8,18,48,54,2,,,
27/09/20 6:40,27/09/20 6:48,0,100,505,1,27/09/20 6:48,R_3KPWUl66Y8taYbF,anonymous,EN-GB,1,2,1,Bath University,Bachelor of Science,Psychology,1,1,Female,185,,185,1,2,5,2,4,2,4,2,4,1,5,5,1,1,4,4,1,2,4,3,3,45,18,31,20,75,10,25,5,55,35,60,2,,,
27/09/20 19:54,27/09/20 20:08,0,100,839,1,27/09/20 20:08,R_22lUBCJCb1wxkrs,anonymous,EN-GB,1,2,1,University of Bath,Bachelor of Science,Psychology,1,1,Female,185,,185,1,2,4,5,1,4,5,1,5,1,5,5,1,1,5,2,1,3,4,5,2,65,45,31,26,75,45,60,23,80,50,50,2,,,
27/09/20 22:31,27/09/20 22:33,0,100,134,1,27/09/20 22:33,R_1GvHGVbMXdjXrfF,anonymous,EN-GB,1,2,2,,,,,,,,,,,,,,,,,,,,,,,,,,,,,,,,,,,,,,,,,,,,,
27/09/20 22:29,27/09/20 22:46,0,100,1012,1,27/09/20 22:46,R_2zNNdMD0VH96Djw,anonymous,EN-GB,1,2,1,University of Bath,Bachelor of Science,Psychology,1,1,Female,185,,45,1,2,5,5,2,4,5,1,5,1,5,5,1,1,5,5,1,2,4,4,2,30,40,75,70,20,80,15,15,80,15,25,2,,,
25/09/20 10:33,27/09/20 22:51,0,100,213472,1,27/09/20 22:51,R_1Kr3iRdsD0r6xq2,anonymous,EN-GB,1,2,1,University of Bath,Bachelor of science,Psychology,1,1,Female,185,,185,1,2,5,5,2,4,4,1,5,1,5,5,1,1,5,5,1,5,1,5,1,90,90,20,26,63,30,20,12,77,11,82,2,,,
27/09/20 22:38,27/09/20 22:56,0,100,1088,1,27/09/20 22:56,R_3McywjbHscv1f2f,anonymous,EN-GB,1,2,1,University of Bath,Undergraduate taught Masters in Psychology,,1,1,Female,185,,78,1,2,4,3,4,3,3,2,4,1,4,4,1,2,4,3,3,2,4,4,2,15,30,20,5,66,3,15,1,2,25,65,2,,,I found the questions to be thought provoking about the ethics and research methods in Psychology.
27/09/20 22:58,27/09/20 23:11,0,100,775,1,27/09/20 23:11,R_3oAwRqGjlCLRZ6o,anonymous,EN-GB,1,2,1,University of Bath,Bachelor of Science,Psychology,1,1,Female,185,,76,2,2,5,3,1,1,5,1,5,1,4,4,2,1,5,2,4,1,5,5,1,15,8,46,66,54,68,46,20,80,50,27,2,,,
27/09/20 22:32,27/09/20 23:36,0,100,3889,1,27/09/20 23:36,R_3elXuR9SNq0ADkN,anonymous,EN-GB,1,2,1,University of Bath,bachelor of Psychology,psychology,1,2,female,36,,36,1,2,1,4,4,3,3,2,2,4,3,2,2,2,4,2,4,2,4,4,2,61,62,23,16,5,5,6,5,39,11,75,2,,,no
27/09/20 23:28,27/09/20 23:37,0,100,515,1,27/09/20 23:37,R_3Rxz5iBO01n2TRf,anonymous,EN-GB,1,2,1,University of Bath,Bachelor of Science,Psychology,1,1,Female,185,,185,1,1,4,5,2,4,2,1,5,2,4,4,1,1,5,4,3,2,4,3,2,70,40,85,60,31,76,30,16,40,24,34,1,"When the same study is repeated the findings are different, which means that the first study loses credibility ",The social sciences because many times the variables have a correlational relationship and not a causal one which can leave room for the findings to change due to confounding variables  ,
27/09/20 23:31,27/09/20 23:39,0,100,422,1,27/09/20 23:39,R_3m4DzOdGN1F7LD0,anonymous,EN-GB,1,2,1,University of Bath,Bachelor of Science,,1,1,Female,185,,185,2,2,4,4,3,4,3,4,3,2,2,2,1,2,3,4,2,4,2,4,2,70,80,40,25,60,70,76,40,50,61,80,2,,,
27/09/20 23:28,28/09/20 0:23,0,100,3340,1,28/09/20 0:23,R_1FnsFg2yMLN6E5H,anonymous,EN-GB,1,2,1,University of Bath,Bachelor of Science (hons),,1,1,Female,185,,78,1,4,5,3,3,2,4,2,4,2,3,4,2,2,4,3,4,3,4,3,3,65,85,40,25,60,20,40,30,50,50,50,2,,,
28/09/20 1:22,28/09/20 1:30,0,100,501,1,28/09/20 1:30,R_eD4kRArbBtXG5od,anonymous,EN-GB,1,2,1,University of Bath,Bachelor of science ,Psychology,1,1,male,185,,185,1,2,4,4,2,3,4,2,4,2,3,4,2,1,3,4,3,4,5,4,3,50,80,7,0,41,60,64,0,0,30,80,2,,,
28/09/20 1:58,28/09/20 2:10,0,100,675,1,28/09/20 2:10,R_pA7zuYWS0V9ukaR,anonymous,EN-GB,1,2,1,University of Bath,Integrated Masters in Science,Psychology,1,1,Female,185,,185,1,2,5,3,2,4,2,1,5,1,3,5,1,1,5,5,2,2,4,5,1,28,45,35,8,59,0,30,0,46,65,50,2,,,No
28/09/20 2:58,28/09/20 3:05,0,100,414,1,28/09/20 3:05,R_2vY7MGZgpFkPOYr,anonymous,EN-GB,1,2,1,University of Bath,BSC in Psychology (Hons),,1,1,Female,185,,156,1,1,5,2,1,2,4,2,4,1,4,4,1,1,4,2,4,1,5,3,3,71,64,46,16,61,83,27,16,32,63,50,2,,,
28/09/20 3:15,28/09/20 3:21,0,100,346,1,28/09/20 3:21,R_3oWPv0QMbVMShGl,anonymous,EN-GB,1,2,1,University of Bath,Bachelor of Psychology,Psychology,1,1,Male,185,,185,1,4,4,5,1,2,5,2,4,1,5,5,1,3,3,4,2,2,5,3,3,60,25,50,10,100,30,100,50,20,90,50,2,,,
28/09/20 2:57,28/09/20 3:24,0,100,1591,1,28/09/20 3:24,R_0MWGYBR2YEOoefT,anonymous,EN-GB,1,2,1,University of Bath,BSc(Hons) Psychology,,1,1,Female,185,,9,1,2,5,4,4,1,5,1,5,1,4,5,3,2,4,5,2,2,4,5,2,20,5,40,35,10,50,15,15,35,30,35,2,,,Thank you. Very interesting.
28/09/20 3:11,28/09/20 3:44,0,100,1969,1,28/09/20 3:44,R_3KHM0DTR3ODyh3U,anonymous,EN-GB,1,2,1,University of Bath,Bachelor of Science,,1,1,Female,185,,185,2,2,4,3,4,2,4,1,5,1,4,5,1,1,5,3,2,3,2,3,3,90,90,1,1,95,0,75,10,80,40,50,1,It is the issue of being unable to replicate studies with the use of previously published methodology.,"Psychology, Biology, Chemistry, Social Science, Medicine",
28/09/20 4:17,28/09/20 4:34,0,100,1004,1,28/09/20 4:34,R_1BOQvPihhWtlQ0C,anonymous,EN-GB,1,2,1,University of Bath,BSc of Psychology ,Psychology,1,1,Female,185,,2,1,2,4,5,1,3,5,4,3,1,4,4,3,1,5,2,4,2,4,4,1,20,50,70,32,65,15,58,6,75,45,25,1,The the results of a study that is being replicated are different from the original study and this causes a problem.,The mental health of the people participating in the study and the data from the research that is being conducted. ,"No,thank you!"
28/09/20 5:45,28/09/20 5:56,0,100,668,1,28/09/20 5:56,R_30kpprrVvUOVk7S,anonymous,EN-GB,1,2,1,University of Bath,Bachelor of science,Psychology,1,1,Female,185,,185,2,1,4,4,2,1,5,1,5,1,5,5,1,2,4,4,2,2,5,3,3,70,70,10,20,80,20,70,3,5,80,20,1,Lots of studies have been found to be difficult to replicate,Social sciences ,
28/09/20 8:31,28/09/20 9:18,0,100,2818,1,28/09/20 9:18,R_30dxa6hCKCJerJb,anonymous,EN-GB,1,2,1,Bath,bachelor of science,psychology,1,1,female,185,,185,2,2,4,4,4,4,5,2,4,1,5,4,1,1,5,4,2,5,5,4,2,55,27,65,21,81,26,42,14,18,57,71,2,,,
28/09/20 10:55,28/09/20 10:57,0,100,85,1,28/09/20 10:57,R_2uPytUpr22YJkoR,anonymous,EN-GB,1,2,2,,,,,,,,,,,,,,,,,,,,,,,,,,,,,,,,,,,,,,,,,,,,,
28/09/20 10:20,28/09/20 11:07,0,100,2823,1,28/09/20 11:07,R_1r2PkL1cxaHv8u6,anonymous,EN-GB,1,2,1,University of Bath,"Psychology, Bachelor of Science",,1,1,Female,185,,185,1,2,4,4,2,3,4,1,5,1,5,5,1,1,5,4,2,2,4,5,1,20,40,80,80,40,60,30,31,40,55,40,2,,,
29/09/20 3:39,29/09/20 3:42,0,100,187,1,29/09/20 3:42,R_2rls31GgO9zbSWM,anonymous,EN-GB,1,2,2,,,,,,,,,,,,,,,,,,,,,,,,,,,,,,,,,,,,,,,,,,,,,
30/09/20 8:15,30/09/20 8:15,0,100,18,1,30/09/20 8:15,R_24MYN9MOpJLHvZs,anonymous,EN-GB,1,1,,,,,,,,,,,,,,,,,,,,,,,,,,,,,,,,,,,,,,,,,,,,,,
30/09/20 9:41,30/09/20 9:43,0,100,103,1,30/09/20 9:43,R_3KHNQGolS3h726u,anonymous,EN-GB,1,2,2,,,,,,,,,,,,,,,,,,,,,,,,,,,,,,,,,,,,,,,,,,,,,
30/09/20 9:45,30/09/20 9:45,0,100,42,1,30/09/20 9:45,R_3HS57WpHQjx41fP,anonymous,EN-GB,1,2,2,,,,,,,,,,,,,,,,,,,,,,,,,,,,,,,,,,,,,,,,,,,,,
25/09/20 10:34,25/09/20 10:39,0,33,317,0,2/10/20 11:40,R_12ScJbnWh7aFDCL,anonymous,EN-GB,1,2,1,University of Bath,BSc Psychology,,1,1,Male,185,,142,1,,,,,,,,,,,,,,,,,,,,,,,,,,,,,,,,,,,
25/09/20 14:55,25/09/20 14:58,0,33,191,0,2/10/20 15:59,R_2Bm66NDPpZmNZrV,anonymous,EN-GB,1,2,1,University of Bath,Bachelors of Science,,1,1,female,185,,83,1,,,,,,,,,,,,,,,,,,,,,,,,,,,,,,,,,,,
25/09/20 19:13,25/09/20 19:14,0,10,49,0,2/10/20 20:14,R_1C30IYNsncEV4WD,anonymous,EN-GB,1,2,1,,,,,,,,,,,,,,,,,,,,,,,,,,,,,,,,,,,,,,,,,,,,,
25/09/20 20:16,25/09/20 20:18,0,10,91,0,2/10/20 21:18,R_1DtMN9nPIwCEjd0,anonymous,EN-GB,1,2,1,,,,,,,,,,,,,,,,,,,,,,,,,,,,,,,,,,,,,,,,,,,,,
25/09/20 23:43,25/09/20 23:44,0,8,45,0,3/10/20 0:44,R_DitrWvyjf5XxSGB,anonymous,EN-GB,1,2,,,,,,,,,,,,,,,,,,,,,,,,,,,,,,,,,,,,,,,,,,,,,,
25/09/20 23:56,26/09/20 0:00,0,33,209,0,3/10/20 1:00,R_8wPxNeQv7UfTsiJ,anonymous,EN-GB,1,2,1,Bath ,Bachelor of science ,Psychology ,1,1,Female ,185,,185,1,,,,,,,,,,,,,,,,,,,,,,,,,,,,,,,,,,,
26/09/20 1:43,26/09/20 1:45,0,33,165,0,3/10/20 2:46,R_2TGYD9LLsRKo9AS,anonymous,EN-GB,1,2,1,University of Bath,Bachelor of science in psychology ,,1,2,female,185,,185,1,,,,,,,,,,,,,,,,,,,,,,,,,,,,,,,,,,,
26/09/20 2:43,26/09/20 3:20,0,33,2233,0,3/10/20 4:20,R_0MyZy9IdW68hLqN,anonymous,EN-GB,1,2,1,University of Bath,Bachelor of Science,Psychology,1,1,female,185,,185,1,,,,,,,,,,,,,,,,,,,,,,,,,,,,,,,,,,,
26/09/20 4:11,26/09/20 4:25,0,33,817,0,3/10/20 5:25,R_2S3sM8euOXLZwEc,anonymous,EN-GB,1,2,1,University of Bath,BSC (Hons),Psychology,1,1,Male,185,,185,1,,,,,,,,,,,,,,,,,,,,,,,,,,,,,,,,,,,
27/09/20 0:15,27/09/20 0:15,0,5,5,0,4/10/20 1:15,R_1hXdDmA03MiZHPc,anonymous,EN-GB,1,,,,,,,,,,,,,,,,,,,,,,,,,,,,,,,,,,,,,,,,,,,,,,,
27/09/20 5:48,27/09/20 5:48,0,8,31,0,4/10/20 5:49,R_1jQaXB89PHO4906,anonymous,EN-GB,1,2,,,,,,,,,,,,,,,,,,,,,,,,,,,,,,,,,,,,,,,,,,,,,,
27/09/20 22:51,27/09/20 22:59,0,85,493,0,4/10/20 23:00,R_21BvIxYrO1UlVn5,anonymous,EN-GB,1,2,1,University of Bath,Bachelor of Science,Psychology ,1,1,Female,185,,185,2,4,4,3,1,2,5,1,5,2,3,5,1,2,5,4,3,4,3,3,3,,,,,,,,,,,,,,,
27/09/20 23:30,27/09/20 23:34,0,33,234,0,4/10/20 23:35,R_2RR15G8PVveTeaj,anonymous,EN-GB,1,2,1,University of Bath,Bachelor of Science,Psychology,1,1,Female,185,,161,1,,,,,,,,,,,,,,,,,,,,,,,,,,,,,,,,,,,
28/09/20 11:30,28/09/20 11:31,0,10,79,0,5/10/20 11:31,R_2VlSY5gr7WQ0F4K,anonymous,EN-GB,1,2,1,,,,,,,,,,,,,,,,,,,,,,,,,,,,,,,,,,,,,,,,,,,,,
28/09/20 12:56,28/09/20 13:13,0,33,1000,0,5/10/20 13:13,R_2fdMlwg2bSOR0GY,anonymous,EN-GB,1,2,1,University of Bath,Bachelor of Science,Psychology,1,1,Female,185,,185,1,,,,,,,,,,,,,,,,,,,,,,,,,,,,,,,,,,,
28/09/20 20:05,28/09/20 20:10,0,33,290,0,5/10/20 20:10,R_3Jy1zUIkPYDrpRg,anonymous,EN-GB,1,2,1,University of Bath,BSc psychology,,1,2, Female,36,,36,1,,,,,,,,,,,,,,,,,,,,,,,,,,,,,,,,,,,
29/09/20 7:45,5/10/20 20:16,0,100,563427,1,5/10/20 20:16,R_OiNFNsQmgnFp8Tn,anonymous,EN-GB,1,2,2,,,,,,,,,,,,,,,,,,,,,,,,,,,,,,,,,,,,,,,,,,,,,
28/09/20 23:00,29/09/20 0:06,0,10,3950,0,6/10/20 0:06,R_0JHZPR1aSMl19ex,anonymous,EN-GB,1,2,1,,,,,,,,,,,,,,,,,,,,,,,,,,,,,,,,,,,,,,,,,,,,,
6/10/20 1:47,6/10/20 1:58,0,100,701,1,6/10/20 1:58,R_1LSwU8TjUkqtx6M,anonymous,EN-GB,1,2,1,University West of England,Bachelor Psychology,Psychology,1,1,Female,185,,26,1,2,5,5,4,2,4,2,2,2,4,2,2,1,5,2,4,2,4,4,1,12,33,72,89,40,38,29,10,62,73,20,1,The failure to replicate a study,"Psychology, Physics",
29/09/20 2:25,29/09/20 2:29,0,33,222,0,6/10/20 2:29,R_veqk033IRcibFy9,anonymous,EN-GB,1,2,1,University of Bath,Bachelor of Science,Psychology,1,1,Female,185,,104,1,,,,,,,,,,,,,,,,,,,,,,,,,,,,,,,,,,,
26/09/20 1:23,7/10/20 3:33,0,100,954565,1,7/10/20 3:33,R_3kERecuQOFRRNFC,anonymous,EN-GB,1,2,2,,,,,,,,,,,,,,,,,,,,,,,,,,,,,,,,,,,,,,,,,,,,,
7/10/20 7:40,7/10/20 7:41,0,100,68,1,7/10/20 7:41,R_p4vNLa8nXYHl6U1,anonymous,EN-GB,1,2,2,,,,,,,,,,,,,,,,,,,,,,,,,,,,,,,,,,,,,,,,,,,,,